Mánaðarmeðaltöl fyrir stöð 710 - Hólar í Hornafirði,,,,,,,,,,,,,,,,,
stöð,ár,mán,t,tx,txx,txxD1,tn,tnn,tnnD1,rh,r,rx,rxD1,p,n,sun,f
710,1949,1,-2.2,1.4,6.6,26,-5.2,-12.7,7,81,104.7,23.2,25,995.9,5.2,NA,6.5
710,1949,2,0.8,3.3,7.4,7,-1.5,-7.5,17,85,206.1,37.7,8,992.9,5.5,NA,6.2
710,1949,3,0.3,3,8.6,29,-2.2,-8,1,85,105.1,25.4,16,1011.8,6,NA,4
710,1949,4,0.3,3.4,9.3,30,-2.6,-7.6,8,78,62.2,34.8,18,1000,5.2,NA,6.1
710,1949,5,3.7,6.7,11.1,21,0.9,-5.4,7,73,24.7,12.7,13,1013.4,5.7,NA,7.2
710,1949,6,9.8,12.7,18.1,22,6.3,0.5,8,83,100.6,29.3,27,1017,5.9,NA,2.6
710,1949,7,10.8,13.9,18.2,7,7.7,4.4,19,87,53.1,13.7,9,1014.2,6.1,NA,1.6
710,1949,8,9.7,12.2,14.3,20,6.7,3.4,11,83,109.4,26.8,28,1009.1,6.1,0.7,3.5
710,1949,9,8.7,11.2,15.1,2,6.2,0.5,30,90,178.8,78.7,1,1010.3,6.2,NA,2.4
710,1949,10,4.7,7,11.8,15,2.3,-6.5,26,84,123.9,23.5,30,1003.4,5.1,NA,3.2
710,1949,11,3.7,6,9.9,24,1.5,-4.8,9,81,198.7,53.4,15,997.3,5.9,NA,4.7
710,1949,12,-0.7,1.1,7.8,31,-2.9,-10.9,9,82,100,45.6,23,996.6,5.5,NA,6.2
710,1950,1,3.1,5.1,8.1,9,0.9,-4.8,25,88,470.1,103.4,6,1002.2,6.9,NA,8
710,1950,2,-0.7,1.7,6.5,3,-2.9,-10.3,23,81,225.5,51.2,8,993.6,5.1,NA,6.2
710,1950,3,1.7,4.5,10.7,28,-0.7,-7.6,14,79,104.3,20.7,20,1005.6,5,NA,6
710,1950,4,1.8,5,8.1,14,-0.7,-5.3,27,79,74.2,25.5,6,1001.9,5.6,NA,6.1
710,1950,5,6.6,9.7,14.5,25,3.2,-1.1,1,80,83.2,42.1,29,1020.2,5.7,NA,3.5
710,1950,6,9.8,12.9,17,17,6.2,2.8,29,78,98.8,30.1,4,1008.3,5.4,NA,4.5
710,1950,7,11.2,13.8,17.1,17,8.5,3.7,1,85,287.1,46.9,31,1008,7.1,NA,4.3
710,1950,8,11.3,13.9,16.2,27,9.1,6.3,23,89,182.8,33,10,1003.2,7.2,NA,3.4
710,1950,9,7.5,10.3,14.8,15,5.2,1.1,26,83,129.4,72.2,5,996.2,5.5,NA,5.1
710,1950,10,5.2,7.4,10.1,5,2.7,-3.3,9,84,382.4,77,30,1000.7,5.8,NA,6.4
710,1950,11,1.3,3.9,9.8,1,-0.9,-7,17,80,89.9,29.1,1,1002.4,4.8,NA,5.6
710,1950,12,-1.6,0.7,7.1,21,-3.9,-12.4,14,81,116.8,34.7,18,1007.7,4.9,NA,6.3
710,1951,1,0.2,2.5,6.5,17,-2.1,-6.9,1,79,117.8,19.1,30,996.1,6,NA,7.2
710,1951,2,0.9,3.2,6.6,7,-1.6,-8.3,24,81,119,21.9,6,996.2,5.7,NA,6
710,1951,3,-2.8,0,6.6,1,-5.4,-10.2,15,77,65.6,24.4,16,1011.6,4.1,NA,9.8
710,1951,4,-0.2,2.7,11,30,-2.9,-10.4,20,76,104.2,45.9,22,1012.4,5.5,NA,7.3
710,1951,5,7,10.1,14.5,14,3.9,-2.2,4,80,40.1,12.7,31,1020.7,6,NA,3.7
710,1951,6,8.5,11.9,15.7,30,5.5,1.7,12,83,49.2,12.4,23,1016.3,6.8,NA,2.9
710,1951,7,11,14.5,19.1,13,7.5,4.8,4,80,41.1,14,21,1008.3,5.9,NA,2.6
710,1951,8,10.9,13.7,15.1,17,8.2,2.6,13,82,133.8,29.5,27,1004.4,6.6,NA,3.4
710,1951,9,9.8,12.4,14.1,2,7.4,2.8,6,81,199.4,46.5,4,1003.2,6.8,NA,5.1
710,1951,10,5.6,7.9,13.1,1,3.4,-6.5,22,88,326.3,51.2,6,1003,6.2,NA,6.2
710,1951,11,2.3,4.4,9.9,11,0.4,-8.3,25,77,79.1,16.9,4,1003.6,6.1,NA,7.3
710,1951,12,-0.2,2.7,8.1,17,-3.5,-13,10,85,232.4,30,18,987.2,5.9,NA,6.2
710,1952,1,-1.5,1.2,7.1,5,-4.2,-9.6,27,76,249.2,54.6,5,996.5,4.7,NA,9.4
710,1952,2,0.1,3,7.6,18,-2.5,-7,4,79,226,64.6,1,1009,5.5,NA,4.2
710,1952,3,0.7,3.4,7.5,17,-1.6,-7.4,3,80,62.9,17.4,19,1009.8,5.9,NA,5.2
710,1952,4,4.5,7.2,10.9,29,1.4,-4.6,13,82,146.5,26.1,26,1001.8,6,NA,4.4
710,1952,5,6,8.9,13.6,24,3.5,-2,5,75,62.9,23.5,21,1017.1,6.2,NA,6.7
710,1952,6,8.5,11.9,15.7,30,5.1,-1.2,2,67,20.3,12.6,28,1008.7,5.6,NA,5.1
710,1952,7,11,14.1,17.3,21,7.8,4.2,11,78,59.1,19.7,6,1010,6.2,NA,4.1
710,1952,8,9.8,13.2,16.9,1,6.9,2.2,29,78,89.4,36.2,31,1009.6,5.7,NA,3.3
710,1952,9,6.8,10,13.9,9,3.6,-0.2,17,75,26.8,14.3,22,1012.7,4.4,NA,4.5
710,1952,10,6,8,10.5,19,3.5,-1.7,1,79,323.2,82.5,24,1002.5,6.1,NA,6.1
710,1952,11,1.3,3.9,8.9,9,-1.2,-8.8,23,81,35.4,11.3,12,1013.4,4.5,NA,2.5
710,1952,12,1.2,3.8,10.7,2,-1.3,-9.2,14,78,227.6,62.2,23,1005.6,5.1,NA,6
710,1953,1,0.7,3.2,7.1,11,-1.6,-7,31,81,109.8,25.2,4,1003.8,5.3,NA,3.7
710,1953,2,1.3,4.3,9.9,3,-1.3,-7.8,1,86,163.5,38.9,9,1005.4,5.8,NA,3.9
710,1953,3,3.5,6.2,9.1,18,1,-9.7,26,86,164.4,20.4,14,1009.6,6.5,NA,7.7
710,1953,4,0.1,3.4,10.9,19,-2.6,-12.2,2,71,38.9,24.3,10,1011.6,4.7,NA,8.8
710,1953,5,6.7,9.8,15.1,27,3.3,-1.8,24,75,47.5,22.9,4,1016.7,5.4,NA,3.5
710,1953,6,10.5,13.3,17.1,26,7.8,3.4,2,87,192.7,27,8,1013,6.3,NA,2.5
710,1953,7,11.6,14.9,19.1,20,8.9,5.4,10,82,97,38.9,6,1007.7,6.5,NA,2.8
710,1953,8,11.3,14.2,18.3,6,8.5,3,31,84,218.8,38.9,16,1005.6,6.2,NA,3.3
710,1953,9,9.4,12,14.3,16,7,2.8,26,84,375.9,100.5,6,1004.2,6.1,NA,3.7
710,1953,10,5.3,7.9,10.5,1,2.9,-2.8,14,82,244.6,34.6,26,998.1,5.6,NA,6.1
710,1953,11,2.4,5,10.1,23,0,-6.2,13,85,263.5,61,16,991.8,5.7,NA,4.9
710,1953,12,3.2,5.9,9.7,14,0,-8.1,4,85,284.9,60.9,6,997.7,5.6,NA,6.7
710,1954,1,2.1,4.8,11.1,11,-0.5,-7.7,6,82,181.6,34.3,22,1007.2,5.8,NA,5.4
710,1954,2,0.9,3.7,7.3,16,-1.5,-9.6,28,78,135.3,35.9,16,999.5,5.1,NA,7.7
710,1954,3,1.1,3.7,9.9,29,-1.7,-10.4,23,84,208.8,49.8,31,1002.1,5.9,NA,6.1
710,1954,4,4.5,7.7,11.9,28,1.4,-3.1,30,78,118.9,32.9,2,1013.8,5.2,NA,5
710,1954,5,7.2,10.4,14.9,22,4.4,-2.6,1,79,79.7,23.6,23,1018,5.7,NA,5
710,1954,6,10.2,13.4,17.3,5,7.3,3.9,11,79,10.6,4.4,29,1009.9,6.6,NA,2.3
710,1954,7,10.7,13.6,16.4,14,8,4.8,1,78,107.6,59.3,2,1004.3,6.5,NA,4.7
710,1954,8,10.3,13,15.1,19,7.8,3.6,14,84,65.1,35.8,26,1009.9,6.7,NA,3.3
710,1954,9,6,8.7,12.9,4,3.6,-3,27,73,104.1,43.9,7,1001.5,5.6,NA,5.9
710,1954,10,3.6,6,10.3,2,1.2,-4.5,24,75,95.9,27.5,2,997.4,5,NA,5.6
710,1954,11,2.9,5.5,8.5,2,0.5,-4.7,12,85,318.7,52.1,23,992.5,5.6,NA,6
710,1954,12,-0.6,2.3,7.9,1,-3.2,-9.2,9,79,156.9,28.7,1,993.2,4.4,NA,4.5
710,1955,1,-1.8,0.7,7.3,2,-4.1,-13.2,15,77,87.6,20.4,25,1005.2,5.1,NA,5.1
710,1955,2,-2.1,1.1,7.9,16,-4.8,-10.3,7,74,60.7,21.6,28,1011.4,3.1,NA,6.7
710,1955,3,0.6,3.7,11.1,30,-2.3,-10.2,20,74,45.6,14.6,10,1017.5,4.6,NA,5.5
710,1955,4,5.2,7.7,9.9,18,2.9,-2,21,85,252,57.7,26,1008.6,6.9,NA,4.9
710,1955,5,5.3,8.4,13.9,29,2.1,-4.1,17,72,68.5,39.7,31,1014.1,5.1,NA,4.6
710,1955,6,9.4,13,16.9,25,6.4,2.6,13,84,60,12.2,27,1012.4,6.3,NA,2.4
710,1955,7,11.3,14.6,17.3,28,8.6,5.4,12,86,127.9,27.2,22,1010.1,5.9,NA,3.7
710,1955,8,10.5,13.4,17.5,5,7.7,4.4,31,88,179.7,31.4,19,1007.5,6,NA,3
710,1955,9,8.2,10.9,14.3,21,5.4,1.4,30,81,115.9,25.6,10,998.6,5,NA,3.9
710,1955,10,2.8,5.4,9.9,12,0.4,-4.5,15,79,121,29.7,8,1009.9,4.7,NA,3.1
710,1955,11,3.4,6,9.1,8,0.9,-6.2,28,81,152.7,58.3,17,1010.9,5.8,NA,4.5
710,1955,12,-1.5,0.9,4.1,23,-3.9,-8.7,8,73,111.3,54,14,1000.7,4.6,NA,6.1
710,1956,1,-2.4,0.2,8.7,2,-5.4,-11.5,24,78,111.9,29.8,4,1003.4,4.8,NA,6.8
710,1956,2,2,4.6,7.3,8,-0.5,-6.2,5,88,114.1,21.4,6,1018.4,5.7,NA,2.3
710,1956,3,3.8,6.2,10.1,27,1.2,-8.2,4,86,200.3,39,10,1006.6,7,NA,5.2
710,1956,4,2.9,6,10.9,20,0.5,-6,10,77,48,12.7,20,1013.7,5.4,NA,4.6
710,1956,5,7.2,10.4,15.5,26,4.1,-0.9,1,76,121.2,27.3,10,1002.8,5.7,NA,6.4
710,1956,6,8.8,12.3,16.7,25,5.2,0.8,7,75,109.7,56.9,10,1013.4,5.1,NA,3.8
710,1956,7,10.8,14,17.6,24,7.7,3.2,2,82,62.9,23.4,25,1011.2,6.5,NA,2.7
710,1956,8,9,12.1,15.5,31,6,0.8,29,77,32.3,9.9,11,1013,5.8,NA,2.5
710,1956,9,8.5,11.5,17.9,17,5.6,0.8,13,80,93.4,24.7,21,1008.6,5.8,NA,2.7
710,1956,10,5,7.5,12.1,7,1.9,-3.5,29,77,150.1,26,27,1002.4,5.3,NA,5.7
710,1956,11,4.4,7.3,15.2,15,1.6,-6.5,29,79,201.2,23.9,7,1000.9,5,NA,5.6
710,1956,12,2.8,5.2,9.1,7,0.5,-3.4,12,76,191.4,63.1,29,995.8,5.6,NA,8
710,1957,1,1.9,4.6,7.9,17,-0.9,-5.1,22,77,196.9,24.4,26,992.9,5.5,NA,6.8
710,1957,2,-0.5,1.5,5.3,4,-2.6,-9,16,71,46.3,14.1,28,1004,5.1,NA,8.3
710,1957,3,1.4,3.5,8.9,30,-0.6,-7.5,4,75,156.4,41.7,23,1004.1,5.7,NA,7.6
710,1957,4,5.1,8,14.1,30,2.2,-2.3,19,77,143.6,26,3,1012.1,5.1,NA,4.7
710,1957,5,5.9,8.5,14.1,27,3.5,-4.2,5,74,197.2,45.3,22,1018.9,6.4,NA,5.4
710,1957,6,8.2,11.4,15.5,16,5.2,0.9,3,75,50.1,14.6,29,1017.9,5.2,NA,4.3
710,1957,7,9.6,11.9,14.5,31,7.2,5,4,83,40.9,11.7,2,1015.3,6.7,NA,1.8
710,1957,8,10.3,13.2,17.1,2,7.5,3.8,9,83,119.8,51.9,17,1008.7,5.9,NA,2.8
710,1957,9,7.1,10.2,15.1,2,4.2,-0.3,24,76,36.8,20.2,5,1011.1,4.5,NA,4.8
710,1957,10,4.4,7.5,11,7,1.5,-3.6,30,81,179.9,25,23,992.5,5.2,NA,4.3
710,1957,11,2.8,5.3,9.1,17,0.2,-3.6,7,83,95,42.6,18,1010.6,4.9,NA,3.7
710,1957,12,0.2,3.1,9.5,3,-2.3,-7.5,22,80,165.5,44.1,3,997.9,4.6,22.4,5.9
710,1958,1,-1.6,1,10.3,27,-4.3,-10.5,17,79,157,36.4,28,998.3,4.5,48.6,7.6
710,1958,2,-1.8,0.6,6.1,28,-4.4,-9,9,77,15.3,7.3,28,1008.8,4.8,87.2,6.7
710,1958,3,0.5,3,8.4,31,-1.8,-9.8,12,78,102.6,25.4,16,1016.6,5.4,109,6.9
710,1958,4,4.5,7.3,9.7,13,1.9,-2.8,16,80,110.2,26.3,24,1008.4,5.8,148.3,3.7
710,1958,5,3.6,6.7,11.9,3,0.1,-4.4,6,66,6,4.8,29,1017,4.1,308.1,5.6
710,1958,6,8.4,10.8,19.5,30,6.2,0.6,10,80,33.5,8.6,15,1017.3,6.5,127.4,2.7
710,1958,7,10.3,13.4,18.6,1,7.2,3,13,83,16.6,4.6,8,1013.4,5.6,199.5,2.3
710,1958,8,9.8,12.3,16.1,11,7.3,3.5,17,79,66.4,26.7,31,1006.9,6.7,85.7,3.4
710,1958,9,10.5,12.7,14.9,10,8,3.8,26,87,181.1,42.8,18,1009.3,6.6,64.5,3.4
710,1958,10,6.9,9.2,13.6,2,4.5,-3,31,78,188.3,41,28,1000,5.9,65.8,4.4
710,1958,11,5,7.6,10.5,16,2.4,-2,7,83,248.5,36.7,4,1004.1,5.8,41.6,4.5
710,1958,12,1.1,3.2,8.3,2,-1.4,-9.4,18,75,129.5,27.2,26,1002.5,5.4,14,8.2
710,1959,1,-2.9,-0.3,7.9,27,-5.7,-13.2,5,74,78.1,48.5,27,1015.6,3.9,54.4,7.5
710,1959,2,3.3,6,8,10,0.2,-10.4,20,80,252.6,36.3,28,1002.3,6.2,57.1,6.7
710,1959,3,4.5,7.1,12,29,1.9,-8.2,7,80,226.8,38.3,28,997.9,6.1,87.9,5.1
710,1959,4,2.1,5,9.6,24,-0.7,-7,7,68,46.6,11.5,24,1006,5.3,165.6,7.5
710,1959,5,7.2,10.1,16,11,4.5,-5.8,6,81,124.1,72.1,8,1017.4,6,161.8,3.3
710,1959,6,8.9,11.6,18.8,27,6.3,0.8,19,74,199.2,46,22,1008.7,6.3,138,5.4
710,1959,7,10.7,13.1,18.4,26,8.8,6.3,13,83,147.9,54.1,16,1008.3,7,83.5,2.8
710,1959,8,10.2,12.7,16,29,7.6,5,27,83,205.3,40.4,24,1007.1,6.6,102,2.9
710,1959,9,9,11.6,14,14,6.3,1.6,22,84,221.9,41.7,26,1008.4,6,100.4,3.5
710,1959,10,7.5,9.9,14.3,9,5.3,-1,28,81,287.9,54.1,5,1001,6.1,61.7,4.3
710,1959,11,2.6,4.8,9.2,22,0.5,-6.6,15,74,247.6,47.9,22,999.8,5.6,43.2,6.6
710,1959,12,2.5,4.7,8.5,7,0.2,-6.5,19,74,242.8,45.8,8,990.6,5.8,11.5,6.4
710,1960,1,1.6,3.8,8,3,-0.9,-7.6,18,77,82.5,21.9,4,1011.1,5.6,20.7,4.3
710,1960,2,-0.7,1.9,9.5,9,-2.9,-10.8,16,68,136.7,45,1,1009.6,4.5,90.8,7.6
710,1960,3,3.7,6.3,10,25,1,-9.4,4,80,127.4,14.5,20,1010,6.4,55.4,4.6
710,1960,4,5.3,8,11.4,28,2.8,-3,30,73,150,28.8,17,1005.6,5.7,127.3,4.8
710,1960,5,7.9,10.4,17.4,12,5.3,-1,3,79,120.2,18.9,27,1014.3,6.4,142,3.7
710,1960,6,10,12.5,16,6,7.6,3.4,14,81,77.5,24.3,2,1012.6,6.3,152.4,2.8
710,1960,7,11.1,13.6,16,17,9,4.2,16,80,137,39,4,1007.4,7,87,3.3
710,1960,8,10.1,12.8,16,5,7.1,4.2,12,77,6.2,2.4,3,NA,5.5,194.2,2.8
710,1960,9,8.9,11,13.3,14,6.5,1,25,82,174.4,39.3,7,1007.6,5.9,93,2.9
710,1960,10,5.3,7.8,11,16,2.9,-1.7,28,78,78,44.2,16,1015.4,5.2,79.3,2.8
710,1960,11,4.6,6.3,9.5,16,2.4,-4.4,27,73,288.4,48.5,16,1000.2,5.8,28.8,6.5
710,1960,12,1.4,3.7,8,13,-1.3,-8.8,19,75,234.7,45.7,3,993.6,5.6,9.8,5.8
710,1961,1,2.2,4.5,9,16,-0.3,-9,7,76,242.2,29.9,12,1001.2,5.6,25.3,4.9
710,1961,2,1.9,4.1,9,22,-0.4,-8.5,3,77,222.4,45.1,9,996.7,6,52.5,4.1
710,1961,3,1.7,5.3,15.2,19,-1.2,-8,30,73,145.9,29.1,1,1002.7,5.8,107.6,4.8
710,1961,4,2.5,4.8,11.4,26,-0.1,-10.4,4,72,141.5,29.7,21,1008.4,5.8,121.1,4.5
710,1961,5,8.4,11.1,17.8,21,5.6,-0.8,25,77,71.1,19.8,5,1012.7,6.3,147.5,3.4
710,1961,6,8.7,11.2,14.6,23,6,3.2,9,74,147.7,28.9,15,1002.2,5.7,179.1,3.5
710,1961,7,11,14,20,4,8.2,5.4,12,79,24,7.1,30,1010.1,5.9,193.6,2.1
710,1961,8,10.5,13.2,15.2,6,7.8,3.5,24,79,152.1,41.4,23,1003.9,6.3,130.4,2.9
710,1961,9,9.5,11.9,14.8,2,7,3.6,6,82,251.6,32.7,4,998,6,98.1,4.4
710,1961,10,6.2,8.5,11.5,3,3.8,-2.1,31,77,237.4,49.7,24,997.5,5.8,70.5,5.6
710,1961,11,3.1,5.6,9.5,21,0.4,-5.6,27,75,130.6,32.2,5,1001.3,5.2,51.5,4.9
710,1961,12,-1.5,1.2,8.6,10,-3.9,-12.2,27,74,194.6,66.1,11,1011.3,4.7,27.1,4.9
710,1962,1,1.5,3.6,7.5,29,-1.1,-7.6,1,76,206.2,29.7,29,989.7,5.8,21.6,5.3
710,1962,2,0.1,3,7.5,18,-2.7,-7.6,6,72,86.1,41.9,21,1009.1,4.5,92.1,5
710,1962,3,-2.2,0.9,10.4,19,-4.8,-10,14,66,2.1,1.5,18,1022,2.8,234.8,6.3
710,1962,4,4.1,6.8,12.2,27,1.4,-6.6,2,79,104,48.6,14,1011.8,6.2,109.1,3.9
710,1962,5,6.4,9.4,15,27,3.3,-1.5,30,68,26,16.3,8,1015.4,5.5,194.1,4.1
710,1962,6,8.7,11.2,15,27,6.6,4,2,78,186.4,70.3,14,1009.4,6.6,108,4.1
710,1962,7,10.1,13.2,17.8,20,7.6,4.4,4,82,71.1,24.3,10,1015.7,6.2,162.3,1.9
710,1962,8,9.9,12.4,15.2,22,7.5,3.8,6,77,53.7,15.4,30,1007.2,6.5,103.8,2.5
710,1962,9,7.7,10.6,12.2,7,4.3,-0.1,17,72,77.2,15.6,23,1005.7,5,148.6,5.2
710,1962,10,4.9,7.4,12,7,2.6,-5.6,28,81,211.5,64.4,1,1003.3,5.4,90.9,4.4
710,1962,11,1.7,3.9,9.8,6,-0.8,-8.2,15,74,79.4,26.4,8,1009.5,5.4,43.8,3.9
710,1962,12,0.6,3.4,9,5,-2.4,-8.4,17,75,273.6,66.7,18,1005.7,4.7,26.4,4.8
710,1963,1,-0.2,1.9,7,28,-2.6,-11.8,5,78,37.7,9.7,24,1027.3,4.9,48.5,3.2
710,1963,2,1,3.1,7.6,26,-1.2,-9.5,5,79,79.1,21.7,26,1012,6,41.8,4.5
710,1963,3,4.9,6.7,9.6,15,2.9,-1,22,77,178.6,20.1,16,1000.2,6.7,72.9,4.5
710,1963,4,3.4,6.5,10.6,5,1,-11.6,11,77,166.8,51.2,23,1007.5,6.3,102.6,6.4
710,1963,5,5.8,8.5,11.6,13,3.5,-1.8,2,74,234.3,54.4,26,1002.1,6.1,137.2,5.9
710,1963,6,9.8,12.3,19.3,29,7.4,5.4,27,82,64,25.6,16,1013.4,6.6,124,2.4
710,1963,7,9.8,12.3,17.4,8,7.5,3.5,10,77,184.7,38.7,27,1010.1,6.7,101,4
710,1963,8,9.6,12.3,16,11,7,2.6,22,77,39.3,25.2,4,1010.1,5.6,152.3,2.9
710,1963,9,6.8,9.6,13.6,2,3.8,-1.4,29,NA,123.7,34.3,13,NA,5.3,136.4,4.3
710,1963,10,5.6,8.1,11,19,3.1,-2,13,80,272.6,43,29,995.6,6.1,80.3,5.2
710,1963,11,0.1,2.6,7.8,29,-2.5,-9,17,71,100.1,32.1,27,1003,4.7,52.6,6.8
710,1963,12,1.2,3.6,7.6,11,-1.2,-8.1,21,79,125.8,30.7,28,1011.7,5.7,14.9,3.6
710,1964,1,2.8,5.2,8.5,19,-0.1,-5.2,31,81,235.3,30.7,19,1008.8,6,13.7,3.8
710,1964,2,2.6,4.8,8.9,26,0.1,-11,5,80,138.9,32,24,1008.9,5.5,64.5,4.3
710,1964,3,5.4,7.4,10,10,3,-1.4,25,81,215.7,44.2,27,1010.1,6.3,70.4,4.9
710,1964,4,4.3,6.9,10.2,30,1.6,-3.5,23,70,34,14.2,11,1009.1,5.4,154.4,4.9
710,1964,5,7.1,9.3,12.8,25,4.5,-0.5,14,75,129.4,30.4,4,1006.6,6.4,130,4.6
710,1964,6,8.5,11.3,16,30,5.4,-0.4,2,70,32.2,9.8,14,1009.1,5.4,214.3,4.9
710,1964,7,10.3,12.9,16.8,6,7.7,4,29,79,46.6,7.2,28,1003.8,6,172.9,3.4
710,1964,8,9.5,13,19.4,7,6,0.5,20,NA,16.7,10.5,5,1012.6,5.5,167.6,5.2
710,1964,9,6.7,9.9,13,5,3.9,-1,9,NA,78.2,34.9,22,1007.5,5,149.9,5.1
710,1964,10,5.5,8.1,11.5,4,2.8,-5.4,24,NA,167.2,43.4,29,NA,5.8,68.4,5.1
710,1964,11,2.5,5.3,10.5,2,-0.1,-9.6,18,NA,149.7,29,19,NA,5.2,41.2,6.1
710,1964,12,-1.6,1.4,7.5,19,-5.1,-11.8,13,74,76,26.6,18,1000.1,4.5,22.8,6.4
710,1965,1,-0.2,2.7,8.6,6,-3,-11.8,3,72,93.1,18.8,23,999.5,5.2,34.6,7.1
710,1965,2,1.9,5.2,9.5,10,-1.2,-7.4,13,NA,4.1,3,12,NA,4.1,117.1,4.5
710,1965,3,-1.6,2.1,8.5,31,-5.2,-13.5,25,NA,34.3,16.2,11,NA,4.1,179.6,6.2
710,1965,4,3.1,6.7,11.2,28,-0.1,-5.4,18,NA,83.2,18.3,7,NA,5.7,156.8,5.2
710,1965,5,5.7,8.8,17.2,31,2.2,-3.7,18,NA,52.7,28.9,22,1017.3,6,177.6,5.1
710,1965,6,7.9,10.8,14,26,5.2,2,19,NA,84.1,54.4,24,NA,NA,187.7,NA
710,1965,7,9.3,11.8,18,22,6.6,3,8,NA,66.1,32.4,17,NA,6.3,154.8,2.7
710,1965,8,9.6,11.8,15.5,21,6.9,1.5,1,NA,153.5,40.6,13,NA,6,136,3.7
710,1965,9,6.9,9.3,13.1,10,3.9,-0.7,6,NA,64.7,20.5,20,NA,6,108.6,3.9
710,1965,10,7.1,8.9,11.1,20,4.6,-0.5,6,NA,226.3,37.4,22,NA,6.6,40.8,4.3
710,1965,11,0.9,3,9.6,4,-1.5,-12.2,30,NA,35.2,12.5,10,NA,3.9,62.6,5.2
710,1965,12,-1.5,0.8,9,15,-4.4,-12,1,NA,79.3,43,15,NA,5.1,13.9,6
710,1966,1,-1.1,1.8,7.8,6,-4,-15.2,25,NA,129.2,66.2,5,NA,5.4,29.8,5.6
710,1966,2,-2.1,-0.2,4,13,-5,-10.4,18,NA,64.4,35.8,4,NA,4.9,82.3,6.2
710,1966,3,0,2.2,7.5,19,-3,-12.6,31,NA,148.2,30.4,18,NA,5.7,105.7,5.5
710,1966,4,3.9,5.8,10.4,30,1.1,-9.5,2,NA,154.4,43,7,NA,6.6,87,5.2
710,1966,5,5.7,8,13.5,29,2.6,-5,9,NA,131.3,30.1,17,NA,5.3,202.7,5.4
710,1966,6,9.7,11.7,14.2,14,7.5,3.8,4,NA,123.2,24.4,11,NA,7,87.5,4.3
710,1966,7,10.6,13,16,7,7.8,2.9,30,NA,21.2,4,27,NA,6.1,153.8,4.7
710,1966,8,10.3,12.5,16.3,5,6.8,1.9,12,NA,82,20.8,25,NA,5.9,164.9,3.7
710,1966,9,7.5,10.2,18.5,23,4.7,1.6,15,NA,73.8,20.6,4,NA,6.4,91,4.2
710,1966,10,4.1,6.7,10,11,0.9,-6.8,4,NA,33,12.7,11,NA,4.6,128,5.4
710,1966,11,0.8,3.9,8,14,-3.1,-10.5,27,NA,142.7,26.7,11,NA,5,62.9,6
710,1966,12,-1.1,1.6,7,4,-3.8,-11,24,NA,122.8,47,15,NA,5,25.2,5.2
710,1967,1,1.8,4.4,15,9,-0.8,-6.5,2,NA,254.2,40.2,29,NA,5.9,21.6,6.5
710,1967,2,2.7,4.7,8.2,11,0.3,-12,28,NA,163.5,29.3,25,NA,6.5,35.4,7.5
710,1967,3,-1.6,1.2,7,16,-5.1,-10.6,2,NA,52.7,25.6,17,NA,5.2,134.1,6.9
710,1967,4,2.4,NA,NA,NA,-1,-13,17,NA,93,29.8,24,NA,5.4,158.3,5.1
710,1967,5,4.8,7.4,11.7,26,1.3,-5.6,1,NA,36.7,22,7,NA,5.5,210.9,4.6
710,1967,6,8.5,10.4,15.1,16,6,1.5,23,NA,92.9,15.8,12,NA,6.7,126.5,4.9
710,1967,7,10.2,12.3,16,11,6.9,3.4,29,NA,64.2,20.4,26,NA,6.1,178.9,4.4
710,1967,8,9.6,11.4,15.5,19,6.2,2.1,15,NA,135.1,80.5,26,NA,5.8,164.8,2.4
710,1967,9,9.1,11.1,13.3,19,5.8,2.3,6,NA,78.8,42,15,NA,6,106.8,3.8
710,1967,10,3.6,5.7,10.6,1,0.7,-8.6,17,NA,123.9,22.4,23,NA,5.8,99,5.6
710,1967,11,0.9,3.5,8,21,-2.4,-7.4,28,NA,58,12.4,26,NA,5.2,58.8,6.9
710,1967,12,-1.1,1.8,8.8,22,NA,NA,NA,NA,102.3,29,20,NA,NA,27.1,NA
710,1968,1,-1.5,1.3,6.5,20,NA,NA,NA,NA,78.2,29,12,NA,5.4,38.8,6.1
710,1968,2,-1.9,0.7,7.4,28,-4.8,-13.4,13,NA,218.7,115.8,28,NA,5,84.6,5
710,1968,3,-0.9,2.2,11.2,10,-4.1,-17,31,NA,61.2,27.5,15,NA,5.6,130.8,7.5
710,1968,4,2.5,5.1,10,19,-0.7,-17.2,1,NA,85.4,23.6,25,NA,5.8,124.2,3.7
710,1968,5,3.6,6.2,13,27,-0.1,-6.8,4,NA,67.7,39,31,NA,4.8,244.5,3.4
710,1968,6,7.3,9.6,12,5,5,1.4,22,NA,123.4,25.3,30,NA,7.1,65.8,3.4
710,1968,7,10.1,12.8,16.5,27,7,2,12,NA,27.9,9,1,NA,6.4,165.5,1.9
710,1968,8,9.5,12.1,17.8,9,7,2.4,13,NA,95,27.2,30,NA,6.4,133.8,3.6
710,1968,9,8.8,10.6,16.4,10,6.5,0.6,29,NA,185.2,63.2,26,NA,7,51.4,4.2
710,1968,10,2.9,4.8,10.6,19,0.6,-10,30,NA,113.8,28.4,20,NA,6.6,53.9,6.6
710,1968,11,4.8,5.9,10.4,12,2.3,-10,2,NA,279.7,68.6,6,NA,7.1,14.7,4.6
710,1968,12,0.3,2.9,10.2,13,-2.5,-13,19,NA,107.3,18.6,3,NA,4.6,13.8,5.8
710,1969,1,-0.5,1.9,9,1,-3,-16.4,15,NA,184.9,57.8,22,NA,6,20.1,8.8
710,1969,2,-3.1,0.1,7.4,24,-6.7,-17.4,6,NA,60.2,17.5,28,NA,4.7,89.3,4.9
710,1969,3,0,2.1,7.2,25,-3.2,-21.6,8,NA,70.5,11.8,16,NA,6.8,65,5
710,1969,4,3,5.7,10.2,29,-0.4,-8.2,13,NA,85.1,19,9,NA,5.9,136.1,5.6
710,1969,5,4.9,7.4,13.6,25,2.4,-3.4,10,NA,20.4,6.2,21,NA,6.3,163.5,3.7
710,1969,6,9,11.5,17.6,17,6.6,0.8,3,NA,82.2,16.3,20,NA,6.7,125.6,3.3
710,1969,7,9.7,12,14.2,4,6.9,4,18,NA,145.6,37.5,31,NA,6.5,143.9,3.5
710,1969,8,10.6,12.7,15.8,27,8.4,4.2,22,NA,179.3,24,8,NA,7.3,80.7,2.4
710,1969,9,6.3,8.7,13.6,4,3.2,-3.4,29,NA,79.5,16.2,8,NA,5.3,163.2,3.6
710,1969,10,5.3,7.3,11,5,2.9,-4.1,1,NA,219.6,40.4,7,NA,5.8,72.4,4.2
710,1969,11,-2.1,0.7,8.2,18,-5.4,-10.4,22,NA,32.9,8.5,7,NA,3.6,87,3.9
710,1969,12,0.9,3.8,9.4,6,-2,-12.2,11,NA,156.3,40.9,15,NA,5.9,8.1,4.7
710,1970,1,1.7,3.6,9.4,20,-0.5,-11.8,8,NA,211,36.8,25,NA,6.5,18.6,7.4
710,1970,2,-1.3,0.8,9.4,28,-4.7,-10.6,5,NA,101.8,26.4,19,NA,5.1,92.1,7.1
710,1970,3,-2.2,0.7,7.2,14,-5.2,-10.8,25,NA,21.9,6,21,NA,5.4,126.7,6.8
710,1970,4,2,5.1,9.4,15,-1.1,-5.8,1,NA,82.1,18.5,15,NA,5.6,180.4,3.4
710,1970,5,6.9,9.3,15.4,8,4.2,0.4,22,NA,141.4,20,2,NA,6.7,134.4,4
710,1970,6,9.5,12,16.5,20,6.9,3,5,NA,39,10,3,NA,6.5,160.1,2.8
710,1970,7,8.8,11.4,14,14,6.1,4.4,8,NA,63.4,32.7,1,NA,6.2,192.4,4.8
710,1970,8,9.4,11.5,15,8,7,2.8,10,NA,124.6,44,26,NA,7,100,2.9
710,1970,9,7.5,9.6,12.8,26,4.8,0.3,11,NA,157.5,30.4,26,NA,6.4,111.4,4.6
710,1970,10,4.2,6.4,11.5,21,1.8,-5,26,NA,112.5,37.5,30,NA,5.8,86.4,6
710,1970,11,1,3.3,9.8,27,-1.8,-6.6,25,NA,49.2,13.4,8,NA,5.6,48.4,4.9
710,1970,12,1.4,4.3,10.8,8,-1.3,-7.2,19,NA,117.2,25.7,15,NA,4.5,34.5,5.9
710,1971,1,-2.4,0.4,8.6,8,-5,-14.4,30,NA,86.5,25.1,7,NA,5.2,37.3,6.3
710,1971,2,2.1,4.5,7.6,7,-0.9,-6.8,12,NA,129.1,26,10,NA,6.3,61.4,6.5
710,1971,3,1.4,4.2,12.2,6,-1.4,-8.7,18,NA,91.4,19.6,27,NA,5.6,119,4.5
710,1971,4,3,5.4,9.8,12,0.5,-4.7,18,NA,158,67,23,NA,6.3,111.7,4.9
710,1971,5,7.1,9.2,11.4,2,5,1.4,16,NA,101,19.7,4,NA,7,133.2,3.6
710,1971,6,7.5,10.4,13.6,5,5.1,2.2,12,NA,15.4,5.8,21,NA,6.3,172.1,3.3
710,1971,7,10.4,12.8,16.8,13,8,3.8,25,NA,86.7,17.3,1,NA,6.4,151,3.2
710,1971,8,9.2,11.9,17.6,15,6.7,3.2,29,NA,81.4,33,22,NA,6.1,149.3,3.9
710,1971,9,7.9,10,13.8,10,5.1,-1.6,23,NA,175.1,29,28,NA,6.6,96.8,3.1
710,1971,10,4.9,7.2,11.2,5,2.1,-6.6,13,NA,322.2,62.2,15,NA,6,79.6,4.5
710,1971,11,0.6,4,17.6,24,-2.6,-11.2,17,NA,50.8,21.4,7,NA,5.6,44.2,6.2
710,1971,12,0.7,3.9,7.5,31,-2.7,-8.7,17,NA,175.1,33,19,NA,5,15.5,4.5
710,1972,1,3.5,5.3,8,11,1.1,-9.6,24,NA,285.4,39,11,NA,7,4.7,5.6
710,1972,2,3.6,5.1,8.4,23,1.1,-9.8,16,NA,168.1,25,20,NA,7.1,23.1,6.1
710,1972,3,4.2,6,8.5,7,1.6,-2.4,29,NA,187.6,26.2,19,NA,6.4,89.5,6.7
710,1972,4,4.1,6.8,12.2,25,1,-5,4,NA,80.1,41.6,2,NA,5.2,189,5.6
710,1972,5,7.6,9.8,12.6,14,5.5,-1.6,1,NA,180.8,88.8,25,NA,7,136.9,5.8
710,1972,6,9,11.4,18.6,14,6.2,2.4,17,NA,166.3,37,2,NA,6.8,168,4.3
710,1972,7,10.3,12.5,16.6,25,8.1,5.4,5,NA,157.7,32.6,28,NA,6.9,136.5,3.4
710,1972,8,9.8,12.2,14,20,7.1,2.8,31,NA,84.3,24,30,NA,5.9,185.2,3.9
710,1972,9,8.1,10.5,15.8,2,5.2,2.2,12,NA,98.7,31.3,20,NA,6.4,114,4.2
710,1972,10,5.4,8,13,18,2.4,-2.4,24,NA,143.1,59.6,28,NA,5.2,99.4,4.9
710,1972,11,1.4,3.7,9.2,6,-1.2,-9.2,22,NA,60.8,23,26,NA,5.2,60,6.9
710,1972,12,3,5.4,9.8,17,0,-7.4,24,NA,264.1,48,19,NA,6.3,6.6,6.4
710,1973,1,4,5.8,8.4,6,1.4,-7.2,2,NA,256.3,46,21,NA,6.5,19.4,5.6
710,1973,2,-1.4,1.1,6.8,3,-4.4,-11.2,24,NA,98.2,16.8,4,NA,6.3,62.6,6.7
710,1973,3,2.6,5.6,11.2,19,-0.6,-8,30,NA,147.3,22.6,8,NA,5.8,99,5.2
710,1973,4,3.1,6.4,13.4,20,-0.4,-10.2,2,NA,22.5,15.3,4,NA,5.3,173.7,4.6
710,1973,5,5.2,7.9,11,29,1.8,-3.4,3,NA,85,30.7,16,NA,5,245.1,4.7
710,1973,6,7.6,9.7,12.8,23,5,-1,11,NA,115.5,26.2,16,NA,5.9,141.9,3.8
710,1973,7,9.7,12,15,30,7.5,4.5,21,NA,66,26.3,5,NA,6.4,138.3,1.7
710,1973,8,9.7,12.2,15.2,25,7.3,2.3,20,NA,148.8,46.2,13,NA,5.9,158.2,2.4
710,1973,9,8.5,11,16.4,11,5.8,1.8,22,NA,100.2,24,1,NA,6.1,105.6,2.5
710,1973,10,4.1,6.7,13.6,1,1.7,-4.6,18,NA,138.3,42.9,31,NA,5.1,107.7,4
710,1973,11,-2.4,-0.1,8,7,-4.8,-10.2,26,NA,92.8,27.8,12,NA,5.7,48.2,6.5
710,1973,12,-2.9,0.4,7,2,-6.2,-16.4,19,NA,51.8,17,15,NA,4.9,29.5,8
710,1974,1,2.6,5,7.4,4,0,-4,17,NA,303.2,32,11,NA,6.4,12.3,6.2
710,1974,2,1.1,3.2,7.6,26,-1.1,-9.6,16,NA,151.5,35.6,18,NA,5.3,78.7,7.7
710,1974,3,4.7,6,8.6,22,2.3,-4.6,3,NA,165.1,22,31,NA,6.8,71,5
710,1974,4,6.7,8.4,10.8,24,4.2,-1,3,NA,130.1,35.6,1,NA,6.8,95.4,3.2
710,1974,5,7.2,9.3,15.2,25,5.5,0.2,27,NA,142.2,45,16,NA,6.8,125.4,4.4
710,1974,6,8.7,10.8,13.6,22,6.9,3.6,11,NA,180.7,31.8,2,NA,7.2,97.9,2.2
710,1974,7,10.5,13.3,18.2,24,7.4,4,29,NA,47.5,9.5,3,NA,5.9,148.6,2.7
710,1974,8,9.6,11.8,15.2,10,7.6,1.6,27,NA,173.2,48.8,25,NA,7.1,76.7,3
710,1974,9,7,9.2,16.4,1,4.5,-0.2,23,NA,164.5,37.7,21,NA,5.4,107.4,6.2
710,1974,10,4.2,7.3,10.6,4,1.3,-4.5,28,NA,112,23.1,14,NA,4.2,134.7,3.6
710,1974,11,3.5,5.2,8.6,5,1.5,-5,17,NA,182.3,63.2,5,NA,5.1,43.1,4.9
710,1974,12,-2.1,0.9,6,30,-4.9,-12.4,22,NA,69.2,23,31,NA,5.6,12.4,8.3
710,1975,1,-1.7,1.1,7.6,2,-4.2,-9.2,27,NA,70.1,27,2,NA,5.5,21.1,9.3
710,1975,2,3.1,4.6,8.4,2,0.6,-4.6,13,NA,235.4,52,25,NA,7.2,28,3.7
710,1975,3,1.4,3.9,10.8,31,-1.6,-12,25,NA,34.9,6.7,2,NA,5.4,138.3,6.6
710,1975,4,2.1,5,11.6,3,-0.9,-9.4,12,NA,36.3,8.9,22,NA,6.2,122.9,4.7
710,1975,5,5.8,8.6,15.6,27,3.1,-2,11,NA,44.5,10,9,NA,4.9,230.6,2.9
710,1975,6,6.9,9.6,15.4,25,4.8,-1,2,NA,84.3,30,22,NA,6.2,156.5,4.5
710,1975,7,10.2,12.6,20.2,4,7.8,5.4,4,NA,160.8,69.6,18,NA,6.2,158.9,2.7
710,1975,8,9.9,12.3,16,5,8,3.5,29,NA,154.1,26.7,26,NA,6.8,110.4,2.4
710,1975,9,6,8.5,12.5,3,3.3,-1.8,29,NA,103.3,29.4,23,NA,4.7,157.6,4.9
710,1975,10,6.2,8,10.6,1,4,-0.5,30,NA,292.6,63.7,20,NA,7.1,26,2.8
710,1975,11,2.5,4.5,10.6,1,0,-6.2,20,NA,201.5,44.4,8,NA,5.6,16.6,4.9
710,1975,12,-0.2,NA,NA,NA,-3.3,-9,12,NA,18,3.4,19,NA,4.9,16.1,5.3
710,1976,1,-1.9,NA,NA,NA,-4.9,-10.4,12,NA,85.9,11.8,10,NA,5.7,21.4,5.4
710,1976,2,2,NA,NA,NA,-0.7,-7.6,29,NA,202.2,33.4,20,NA,6.1,37.3,6.7
710,1976,3,2.8,5.1,8,3,0.1,-12,1,NA,215.5,23.2,6,NA,5.8,96.7,7.6
710,1976,4,3.1,5.8,10.5,27,0.3,-7.8,2,NA,49.3,12.5,13,NA,6.5,91,4.2
710,1976,5,5.8,8.5,15,26,3.5,-3.6,4,NA,196.1,50.2,24,NA,6,164.3,4.4
710,1976,6,9.1,11.3,16.6,29,7.2,2.4,1,NA,122.2,23.6,9,NA,6.3,155.9,3.1
710,1976,7,11.1,14.2,21,9,8.6,5,30,NA,64.1,15.4,16,NA,6.1,159.1,2.4
710,1976,8,9.8,12.1,15.4,3,7.5,3.2,31,NA,180.2,63.2,15,NA,5.7,133.1,3
710,1976,9,8.1,11,16.4,4,5,-0.2,9,NA,53.9,22.2,21,NA,5.2,141.2,2.6
710,1976,10,6.9,8.9,11,3,4.4,-0.5,18,NA,373.7,60,22,NA,6.4,63.3,5
710,1976,11,3.5,5.5,9.8,1,1,-4.6,21,NA,141,47.8,1,NA,5.4,40.2,8.5
710,1976,12,-1.2,1.1,6.8,12,-3.2,-12.6,31,NA,31.4,24,12,NA,3.9,33.3,5.6
710,1977,1,0.1,1.9,7,3,-2.1,-13.4,1,NA,169.2,57.1,23,NA,5.1,25.1,8.8
710,1977,2,1.1,2.6,5.6,16,-1.2,-6.6,4,NA,68.8,20.5,18,NA,5,79.9,5
710,1977,3,2.7,5.5,9.5,21,0.3,-8.6,27,NA,138.1,19.6,16,NA,5.6,103,4.4
710,1977,4,1.8,4.5,11.4,4,-1.6,-7.6,17,NA,41.9,12.1,26,NA,4.5,190.2,5.6
710,1977,5,5.8,8,15,26,2.8,-4,9,NA,25.9,13,18,NA,5.7,194.1,3.1
710,1977,6,8.7,11.3,15.8,17,5.9,0,9,NA,96,50,23,NA,5,227.1,3.8
710,1977,7,10.3,12.6,16,30,8.2,5.4,2,NA,125.8,52.6,3,NA,6.6,151.7,2
710,1977,8,9.7,12.2,20.6,14,7.2,2.4,26,NA,135.9,55.8,11,NA,6.1,142.7,2.8
710,1977,9,7.3,9.8,12.8,18,4.4,-1.6,9,NA,93,29,26,NA,5.4,122.5,3.7
710,1977,10,6.4,7.9,11.6,14,4.1,0.4,7,NA,294.7,45.2,4,NA,6.5,48.1,4
710,1977,11,0.1,2.4,6.4,26,-2.7,-8.6,19,NA,58.4,17.2,10,NA,5.7,37.1,6.8
710,1977,12,1.6,4.4,8.6,4,-0.9,-13.8,19,NA,142.1,23,4,NA,7,10.8,6.2
710,1978,1,-1.3,1.3,9.2,12,-4.4,-11,28,NA,159.4,51.1,22,NA,5.8,34,6.6
710,1978,2,0.2,1.8,7.2,5,-2,-8,16,NA,100.2,36.2,7,NA,6.9,45.7,7
710,1978,3,2.3,4.3,7.8,10,-0.3,-9.4,5,NA,215.3,34.3,25,NA,6.1,85.8,7.1
710,1978,4,3.2,5.7,8.5,16,0.2,-7.5,9,NA,15.1,8.7,15,NA,5,185,4.3
710,1978,5,6.2,8.5,11.6,11,3.8,-5.6,4,NA,233.3,59,22,NA,5.9,167.2,4.3
710,1978,6,8.4,10.8,15.8,26,6,2,22,NA,50.6,21.8,1,NA,5.3,191.9,3.4
710,1978,7,10.2,13.2,18,16,8.1,5.2,9,NA,51,17.2,28,NA,6.6,153.4,2.8
710,1978,8,10.7,12.9,15.5,8,8.2,5,17,NA,106.4,40,19,NA,6.1,112.2,1.9
710,1978,9,7.9,10.3,13,6,5,1,17,NA,85.2,26.9,24,NA,5.8,102.7,5.4
710,1978,10,4.5,7.4,17,17,1.4,-5,20,NA,89.8,20.2,2,NA,5,107.5,5.6
710,1978,11,0.6,3.3,8.6,7,-2.9,-9.4,25,NA,185.3,47,29,NA,5.1,44,3.2
710,1978,12,2.4,4,9,11,0.3,-8,21,NA,287.5,70,12,NA,6.3,5.7,8.6
710,1979,1,-4,-0.7,4.6,17,-6.7,-13.8,31,NA,162.4,85,15,NA,4.7,47.4,6.5
710,1979,2,-0.3,1.9,7.2,24,-3.3,-13.6,1,NA,152.8,33.3,24,NA,5.6,62.6,6
710,1979,3,-3.6,-0.4,6,18,-7.2,-12,6,NA,9.9,4.4,8,NA,3.7,200.1,7.3
710,1979,4,2.6,4.9,12.2,28,-0.2,-5.4,30,NA,52.4,22.5,19,NA,5.9,122.2,6.4
710,1979,5,1.4,4.2,10.5,24,-1.4,-8.2,19,NA,9.1,5.5,13,NA,4.9,220.9,7.6
710,1979,6,8.5,10.8,15.5,3,5.8,3,26,NA,74,25.7,21,NA,6.1,131.8,2.9
710,1979,7,8.7,11,13.6,31,6.2,2.4,15,NA,40.9,10.9,4,NA,7,104.1,2.2
710,1979,8,9.1,11.3,14.2,8,7,2.4,23,NA,42.5,27.4,13,NA,6.6,99.5,3.2
710,1979,9,5.7,8,10.6,3,2.9,-2.3,15,NA,155.5,52.1,16,NA,5.4,113.7,4.8
710,1979,10,5.5,7.3,11.5,2,3.1,-4,14,NA,306.4,49.6,1,NA,6.3,60.9,6.4
710,1979,11,1.6,3.5,8.4,20,-0.7,-7.4,9,NA,298,73.2,3,NA,5.2,55.2,6.1
710,1979,12,0.8,3.1,7.6,13,-1.8,-10.6,31,NA,383.5,80.5,11,NA,6,13.9,6
710,1980,1,0.6,2.6,8.2,12,-1.9,-10.5,1,NA,112.7,29.4,12,NA,5.6,22.2,7.4
710,1980,2,1.8,3.6,7.8,23,-0.8,-9.6,3,NA,204,36.7,9,NA,5.7,63.3,6.2
710,1980,3,1.9,4,11,19,-0.9,-6,20,NA,126.3,43.3,15,NA,5.9,112.3,5.8
710,1980,4,4.7,7.1,13.6,17,1.7,-3,23,NA,113.4,26.9,4,NA,5.5,162.1,6.7
710,1980,5,7,9.8,17,18,4.3,-3.5,7,NA,164.7,41.3,17,NA,5.4,178.6,4.2
710,1980,6,8.9,11.1,14.6,12,6.5,4.4,4,NA,40.2,12.8,2,NA,6.8,103.1,2.9
710,1980,7,10.4,12,23,31,8.1,4.4,27,NA,38,9.7,4,NA,6.9,87.7,2
710,1980,8,10.1,12.3,17,1,7.7,2.5,29,NA,67.3,14.2,10,NA,6.7,102,2.4
710,1980,9,8.1,10.4,13.4,5,5.5,-0.8,19,NA,139.5,34.7,1,NA,5.6,109.6,4.5
710,1980,10,2.8,4.5,9.6,3,0.2,-5.4,20,NA,141.6,41.8,1,NA,6,73.6,6.8
710,1980,11,0.8,3,12,10,-1.9,-9,28,NA,69.6,47.8,30,NA,4.7,60.7,6.4
710,1980,12,-1.6,1.2,12,4,-4.3,-10.8,18,NA,52.7,13.2,1,NA,6,16.1,7.4
710,1981,1,-1.8,0.9,7,7,-4.8,-13.8,15,NA,118.3,25.1,28,NA,5.8,26.9,7
710,1981,2,-0.3,2.4,8,26,-3.6,-13,10,NA,141.5,23.2,26,NA,6,55.1,5.9
710,1981,3,0.3,2,7.8,28,-2.3,-8.4,19,NA,159,42.4,27,NA,6.3,99.3,10.7
710,1981,4,4,7,15.4,19,0.8,-6.2,24,NA,65.9,20.6,9,NA,5,177.1,3.6
710,1981,5,6.1,8.8,16.6,17,3.2,-5,9,NA,35.9,8.8,14,NA,6.7,118,5.3
710,1981,6,7.6,10.2,15.4,29,5.3,0.4,4,NA,33.3,18.9,13,NA,5.8,170.4,4
710,1981,7,9.9,12.4,20.8,24,7.8,3.6,5,NA,25.5,8.2,25,NA,6.5,136.1,2.7
710,1981,8,10.1,12.3,15,18,7.7,3.2,20,NA,204.1,53.7,8,NA,6.1,133.3,2.7
710,1981,9,7.8,9.6,13.6,11,5.7,-1.2,6,NA,168.8,43.6,26,NA,6.6,49.5,6.2
710,1981,10,2,3.9,7.8,21,-0.5,-5.9,4,NA,60.7,19.1,26,NA,5.1,92.7,7.7
710,1981,11,0.3,2.5,8.8,7,-2.2,-9.8,19,NA,154.5,32.2,7,NA,5.8,35.4,5.9
710,1981,12,-0.9,1.1,11.2,3,-3.1,-9.2,8,NA,33.5,14.2,1,NA,4.8,16.3,8.6
710,1982,1,0,2.1,7.8,18,-2.3,-8.6,6,NA,164.4,37,16,NA,5.5,33.3,3.7
710,1982,2,3.4,5,8,5,1.2,-3.4,15,NA,262.9,50,7,NA,6.9,19.9,5.7
710,1982,3,2.3,4.2,8.2,23,-0.8,-8.9,13,NA,218,63.1,6,NA,5.5,134.7,7.3
710,1982,4,4.1,6.1,10,26,1.6,-4.8,7,NA,100.1,24,15,NA,5.6,149.6,5.1
710,1982,5,4.8,7,11.4,11,2.3,-6.5,1,NA,101.6,29.6,9,NA,6.5,129.4,5.3
710,1982,6,8.2,10.2,13.3,30,5.4,2,17,NA,13.1,9.3,3,NA,6.7,112.7,1.7
710,1982,7,10.4,12.4,17.5,21,8,5.2,1,NA,118.6,35.4,29,NA,6.2,148.3,1.9
710,1982,8,9.2,11.7,14.4,20,7,1,28,NA,81.7,53,16,NA,6.2,130.1,3.9
710,1982,9,6.4,NA,NA,NA,3.5,-1.4,22,NA,111.3,51.8,10,NA,5.7,116.2,3.9
710,1982,10,5.5,7.2,10.2,2,2.8,-0.6,25,NA,238.4,56.1,27,NA,6.3,70,3.3
710,1982,11,1.1,2.9,9.6,5,-1.1,-7,23,NA,101.6,22.2,29,NA,5.8,42.1,5.9
710,1982,12,-0.8,2.1,7,29,-3.6,-11.5,21,NA,240.7,40.3,29,NA,5.6,9.9,8.3
710,1983,1,-1.5,1.4,7.8,23,-4.7,-10.4,17,NA,115.3,23.5,9,NA,6.2,10.9,6.8
710,1983,2,1.1,3.4,8.2,12,-1.8,-9,2,NA,119.4,31.6,23,NA,4.9,64.1,4.6
710,1983,3,0.8,2.7,7.6,1,-2.1,-7.4,10,NA,173.3,66.2,1,NA,6.5,78.8,5.1
710,1983,4,0.1,2.5,7,12,-2.7,-8,9,NA,38.6,14.6,4,NA,4.8,182.7,7.1
710,1983,5,5.5,7.8,12.5,28,3,-0.4,1,NA,13.9,4.2,10,NA,7,127,3.7
710,1983,6,8.3,10.2,15.4,26,6.2,1.4,2,NA,145.5,56.5,11,NA,6.8,98.4,3.9
710,1983,7,9.4,11.8,17,29,7.5,3.2,19,NA,64.4,14.5,5,NA,6.3,145.3,2.8
710,1983,8,8.9,11.4,15.8,11,6.7,2.4,30,NA,101.3,30.8,27,NA,6.6,117.8,3.4
710,1983,9,6.2,8.3,13,25,3.5,-1.6,28,NA,15.8,3.7,15,NA,6,118.7,3.3
710,1983,10,4.1,6.2,9,2,1.1,-7,23,NA,211.8,34.5,7,NA,6.1,55.4,7.2
710,1983,11,0.8,3.4,8,13,-2.2,-9.4,29,NA,59.9,23.5,30,NA,5.5,39,4.5
710,1983,12,-0.3,2.4,9,1,-3,-10.2,23,NA,142.8,40.8,1,NA,4.8,11.5,5.4
710,1984,1,-2,0.5,6.2,22,-5.3,-10.8,18,NA,157.2,36.3,22,NA,5.2,25.3,6
710,1984,2,2,4.1,7.8,24,-0.7,-7.6,29,NA,255,90.8,12,NA,6,46.6,7.2
710,1984,3,1.7,3.7,7.6,9,-1,-9,1,NA,65.4,15.4,11,NA,6,118.5,5.1
710,1984,4,4.2,6.3,10.8,24,1.8,-5,12,NA,206.3,57.2,3,NA,6,133.6,5.7
710,1984,5,6.4,8.5,12.2,8,3.5,-1.4,5,NA,82.6,16.2,19,NA,6,168.3,3.7
710,1984,6,10.1,12.6,18,8,7.3,4,23,NA,53.4,13.4,1,NA,5.6,178.5,1.9
710,1984,7,11.3,13.6,18.5,19,9.4,5.4,30,NA,57.1,8.2,7,NA,6.8,94.5,1.4
710,1984,8,10.3,12.4,15.6,4,7.9,4,23,NA,99.9,25.6,28,NA,6,156,2.2
710,1984,9,7.9,10,13.6,4,5.2,-0.5,24,NA,142.7,41,15,NA,6.1,98.2,3.4
710,1984,10,4.5,6.3,9.2,15,1.6,-1.6,18,NA,102.6,36.3,8,NA,5.8,83.4,4
710,1984,11,3.1,5,8.8,12,0.5,-4.2,4,NA,137.8,30,27,NA,6.3,41.3,5.7
710,1984,12,1.9,4.1,8,11,-1.1,-5.4,21,NA,303.9,41.6,6,NA,6.2,14.5,5
710,1985,1,-0.4,1.5,7.4,13,-2.2,-10.4,31,NA,59.5,15.4,13,NA,5.2,40.8,4.9
710,1985,2,1.2,2.7,7.6,28,-1.2,-11,1,NA,79.6,12.1,17,NA,6.3,44.3,4.9
710,1985,3,0.4,2.9,7.6,1,-2.1,-9.6,17,NA,138.2,33.8,18,NA,4.7,161.5,7.2
710,1985,4,3.3,5.8,12.4,23,0.2,-7.4,2,NA,105.8,39.2,17,NA,6.1,123.4,NA
710,1985,5,6.9,8.9,12.2,19,3.5,0,24,NA,45.8,24.3,11,NA,5.4,189.6,4.3
710,1985,6,8.6,10.5,13.4,23,6,1.4,5,NA,58.7,13.6,18,NA,6.3,133,3
710,1985,7,10.1,11.9,14.6,26,7.9,5,10,NA,91,41.4,2,NA,6.6,120,3.7
710,1985,8,9.5,11.8,16.8,13,7.3,2.2,26,NA,58,12.3,21,NA,6.8,90.6,3.8
710,1985,9,6.5,9.1,12.2,13,3.7,-1,21,NA,109,19.4,12,NA,5,150.3,3
710,1985,10,6.7,8.5,13.6,31,3.9,-5,10,NA,132.1,57.6,24,NA,6.1,55.7,4.6
710,1985,11,-0.2,2.1,10.2,1,-2.7,-8.6,9,NA,70.3,19.8,16,NA,4,87.2,5.3
710,1985,12,-1.1,0.7,5.4,10,-3.2,-11,26,NA,63.9,27.1,11,NA,5.6,12.6,7
710,1986,1,0.4,2.7,6.2,26,-2.6,-9.8,2,NA,255.2,51.6,14,NA,6,21.5,8.4
710,1986,2,0.8,2.9,7.2,13,-1.5,-10.2,21,NA,83.1,24.4,11,NA,5.2,68.5,3
710,1986,3,1.7,4.1,8.5,12,-0.9,-5.6,21,NA,200.9,47.6,5,NA,5.8,118.9,8.2
710,1986,4,3.5,5.6,11.4,10,1.1,-6.2,15,NA,200.6,61.8,28,NA,7,108,4.9
710,1986,5,5.2,7.5,11.2,30,3,-2.5,4,NA,102.2,43,21,NA,5.7,180.8,6.1
710,1986,6,9.2,11.3,16.5,27,6.9,3.5,4,NA,103.7,24.3,13,NA,5.8,166.6,3.6
710,1986,7,10.4,12.5,15.8,20,7.9,3,30,NA,90.7,51.1,13,NA,6.1,116.8,3.3
710,1986,8,9.6,11.9,15.4,7,6.3,2.5,29,NA,65.6,20.8,12,NA,5.3,172.3,2.3
710,1986,9,7.3,10.2,12.5,1,3.9,-0.6,10,NA,56.5,30.6,28,NA,4,183.9,4.1
710,1986,10,3.2,6.1,11.5,9,0.4,-4.4,30,NA,262.7,60.8,5,NA,5,109.4,4.5
710,1986,11,1.8,4.2,8.8,13,-0.9,-6.2,11,NA,157.4,20.4,27,NA,5.8,32.1,6.1
710,1986,12,0.1,2.6,7.2,13,-2.5,-7.4,26,NA,292.8,47.6,13,NA,6.1,10.6,5.6
710,1987,1,2,4,9.4,24,-0.1,-5,30,NA,137.6,34.6,18,NA,5.9,28,3.1
710,1987,2,0.5,2.8,8,28,-2.1,-9.6,15,NA,145.8,47.2,28,NA,5.6,60.8,3.7
710,1987,3,1.2,3.4,8.8,6,-1.4,-10,20,NA,137,41.3,5,NA,5.3,121.7,6.7
710,1987,4,4.3,6.2,9.4,23,1.9,-6.6,2,NA,109.4,17.2,21,NA,5.4,150.9,5.2
710,1987,5,6.9,9.8,20.8,21,3.5,-2.8,1,NA,38,16.8,7,NA,5.4,197.7,3
710,1987,6,8.4,10.4,13.8,17,6,2.2,1,NA,14.3,5.9,30,NA,6.6,126,2.1
710,1987,7,10.6,12.7,16.6,23,8.8,6.6,23,NA,129.7,32.7,14,NA,7.3,61.8,1.6
710,1987,8,10.1,12.8,19.4,7,7,4.2,31,NA,24.8,6.1,25,NA,5.9,172.7,2.5
710,1987,9,7.9,10.1,14.4,8,5.8,-1.2,25,NA,238.6,39.2,21,NA,6,83.7,6.3
710,1987,10,3.9,6,10.2,1,1.4,-5.8,8,NA,82.1,28.6,1,NA,5.8,99.3,6.3
710,1987,11,4.1,6,9,18,1.8,-4.6,23,NA,140.1,30.4,11,NA,5.9,40.3,4.6
710,1987,12,2.5,4.7,8.4,17,0.4,-7.2,26,NA,156.5,36.9,28,NA,7.1,6,4.8
710,1988,1,-2.3,0.4,5.5,16,-4.9,-14,5,NA,71.1,28.5,8,NA,5,31.9,7.1
710,1988,2,-0.8,1.6,9,26,-3.2,-9.6,7,NA,36.7,10.3,1,NA,4.4,83.1,5.1
710,1988,3,-0.3,2.1,6.6,7,-3,-12,12,NA,43.8,15.3,23,NA,5.5,92,5.3
710,1988,4,0.3,3.3,8.6,27,-2.8,-10.2,8,NA,49.1,18.2,13,NA,5.7,149.4,5.8
710,1988,5,6.6,9.6,16.6,14,3.9,-4.4,2,NA,100.4,28.2,7,NA,5.5,194.4,5.9
710,1988,6,9.2,12.1,23.6,9,6.5,1,3,NA,89.6,40.3,6,NA,5.2,215.5,4
710,1988,7,9.7,11.7,14,26,7.5,4,5,NA,65.6,21,16,NA,6.7,93.4,3.2
710,1988,8,10.8,12.9,15.4,12,8.8,5.4,27,NA,179.9,42.1,9,NA,7.1,85.3,3.9
710,1988,9,7.9,10.3,15.6,2,5.4,-1,28,NA,89.6,27.2,22,NA,5.6,94.9,4.3
710,1988,10,4.2,6.8,10.8,19,1.6,-5,9,NA,198.7,76.8,1,NA,5.1,96.8,5.9
710,1988,11,2.3,4.6,9,24,-0.2,-5.4,17,NA,127.2,60,10,NA,6.1,29.7,2
710,1988,12,0.9,3.5,8,7,-1.9,-9.2,23,NA,113.9,30.5,31,NA,5.7,12.6,5.5
710,1989,1,0.8,3.9,8.5,27,-1.8,-7.5,22,NA,232.2,41.3,3,NA,5.8,15.4,5.5
710,1989,2,-1.7,1.4,6.8,9,-4.8,-10.5,16,NA,142.5,37.6,2,NA,4.9,84.1,8.7
710,1989,3,0.3,2.6,5.6,8,-2.9,-9,14,NA,158.5,56.4,27,NA,5.6,99.8,4.1
710,1989,4,2.7,5,7.8,18,0.3,-6.5,25,NA,170.5,38.5,5,NA,5.4,156.3,4.8
710,1989,5,5.5,8,13.2,27,3,0.6,19,NA,187.9,57.4,20,NA,5.7,181.8,5.9
710,1989,6,8.4,10.7,15.4,19,6.2,2.4,30,NA,85.7,41,12,NA,6,152.5,3.8
710,1989,7,10.8,13.3,21.2,14,7.9,4,1,NA,113.8,31.7,26,NA,5.6,213,3.1
710,1989,8,9.8,12.1,15.8,3,7.5,3.5,26,NA,172,26.9,21,NA,6.7,115.2,3.2
710,1989,9,7.8,9.8,14.4,4,5.3,1.5,2,NA,222.3,35.8,16,NA,6,96.8,5.4
710,1989,10,5.1,7.5,14.8,1,2.9,-2.4,27,NA,155.9,46,20,NA,5.9,73.3,4.1
710,1989,11,2.2,4.2,8.4,13,-0.2,-6.8,19,NA,96,19.1,13,NA,4.9,53,3.7
710,1989,12,-0.1,2.7,11.6,6,-2.6,-11,20,NA,71.7,24.6,24,NA,4.5,21.7,5.9
710,1990,1,1.7,4.1,7.6,1,-0.5,-7.4,18,NA,254,30.5,6,NA,6.5,16.5,6.6
710,1990,2,-0.1,2.3,5.8,1,-2.7,-9.4,28,NA,82.7,14.7,15,NA,6.1,41.9,5.6
710,1990,3,-0.7,2,6.8,13,-3.9,-10.5,1,NA,126.1,30.3,14,NA,5.1,140.1,6.2
710,1990,4,1.9,4.3,7.2,20,-1,-7,4,NA,100.7,29.2,15,NA,5.5,164.3,5.3
710,1990,5,6.9,9.2,13.6,6,4.4,-0.8,24,NA,82.1,37.3,2,NA,6.4,151.7,1.7
710,1990,6,9.1,11.6,14.6,22,6.8,1.6,5,NA,64.7,22,15,NA,6.7,130.9,3.5
710,1990,7,10.8,13.2,17,28,8.6,4.6,7,NA,237.8,97.3,25,NA,6.7,95.9,3.4
710,1990,8,10.6,13.2,17.4,5,8,3.8,18,NA,135.8,27.2,28,NA,6.4,130.7,2.6
710,1990,9,7.3,9.7,13.8,4,4.3,-0.5,19,NA,78,20.6,19,NA,5.8,116.5,6.1
710,1990,10,5.4,7,10.4,3,3.2,-1.5,7,NA,127.7,33.4,28,NA,6.8,31.8,7.7
710,1990,11,2.9,4.9,9,13,0.9,-4,4,NA,74.7,24.5,23,NA,5.4,49.4,3.8
710,1990,12,0.1,3,8.4,1,-2.9,-9,18,NA,126.7,23.8,21,NA,5.4,14.3,6.3
710,1991,1,2.3,4,7.4,24,NA,-7.4,11,NA,235.4,62,2,NA,6.3,22.8,8.3
710,1991,2,2.5,4.4,7.5,5,-0.2,-5,24,NA,138.8,39.6,3,NA,6,56.1,6.4
710,1991,3,3.3,5.2,8.6,25,0.8,-4.5,30,NA,174.1,35,16,NA,6.1,91.7,8.1
710,1991,4,1.9,4.8,11.6,17,-1.8,-7.8,4,NA,87.4,41.3,27,NA,5,163.6,6.9
710,1991,5,7.8,11,18.5,28,4.6,0.6,13,NA,49,14,19,NA,5.7,195.2,3.4
710,1991,6,8.6,11.6,17.4,27,5,-0.5,9,NA,8.1,2.4,8,NA,4.9,218.6,2.8
710,1991,7,11.8,14.6,21.8,9,9.1,6.2,25,NA,60.5,24,26,NA,6.9,124.7,2
710,1991,8,10.8,13,17,1,8,5.2,24,NA,150.2,39.5,29,NA,5.8,126.1,3.1
710,1991,9,7.5,10.7,18.5,6,4.6,0.2,26,NA,77,16.6,20,NA,5.5,132.9,4.8
710,1991,10,5.2,7.4,10.4,3,2.7,-3.8,18,NA,197.4,68.5,3,NA,6.2,60.6,6.6
710,1991,11,1,3.2,9,23,-1.5,-7.8,9,NA,150.3,27.8,11,NA,5.8,36.1,5.7
710,1991,12,1.3,3.7,7.6,7,-1.4,-8.5,21,NA,183.6,33,17,NA,5.6,2,5.7
710,1992,1,2.4,5,8.5,13,0,-9.8,4,NA,103.6,30.2,27,NA,6.3,5,5.9
710,1992,2,0.7,3.7,7.8,6,-2.4,-8.5,4,NA,234.6,43.1,13,NA,6.8,23.2,8.6
710,1992,3,0.7,3.1,7.5,8,-1.9,-16,14,NA,122.9,21.8,21,NA,6.2,75.4,4.9
710,1992,4,2.6,5.1,9,22,0,-4.2,15,NA,96.5,25.4,30,NA,6.2,105.8,6.1
710,1992,5,6,8.5,15,26,3.4,-4.2,10,NA,81.1,39.6,19,NA,6,138.5,4.2
710,1992,6,8.8,11.5,17.6,18,6.6,2,25,NA,114.7,53,7,NA,6.4,137.1,5.8
710,1992,7,9.4,11.8,15.4,19,7,3.5,1,NA,51.2,17.3,26,NA,6.5,123.7,3.6
710,1992,8,9.6,11.8,16.2,23,7.4,4.2,28,NA,152.4,33.5,21,NA,6.8,112.6,4.7
710,1992,9,8.1,10,14.4,29,5.5,0.6,4,NA,268.1,89.6,7,NA,6.6,55.7,5.7
710,1992,10,4.3,6.8,11.8,10,1.3,-8.2,29,NA,91.2,22.2,3,NA,4.9,89.8,5.1
710,1992,11,1.3,3.6,7.6,8,-1.2,-4.6,19,NA,243.6,58.8,24,NA,5.5,24.4,5
710,1992,12,0.2,2.6,7,26,-2.6,-9,15,NA,141.2,25.7,23,NA,5.7,0,7.3
710,1993,1,-1.9,1.3,8,3,-5.7,-15.6,24,NA,137,45.7,3,NA,6.4,2.3,8.5
710,1993,2,0.8,3.4,8.4,16,-2.2,-9,27,NA,96.3,18.2,1,NA,5.7,55.9,7.4
710,1993,3,2.1,4.6,9.2,4,-1.1,-8.2,21,NA,215.9,64.4,13,NA,5.8,107.8,5.5
710,1993,4,4,6.4,9.4,9,1.6,-2.8,24,NA,143.2,23.6,5,NA,5.4,161.6,8.5
710,1993,5,5.7,8.6,17,11,3.1,-1.6,1,NA,73.5,35.5,4,NA,5.9,187.3,7.1
710,1993,6,7.6,9.8,14.8,19,5.3,-0.8,2,NA,161.9,65.7,26,NA,6.7,103.7,2.9
710,1993,7,9.6,12.2,14.8,26,7,4.4,17,NA,32.5,17.4,1,NA,6.3,130.8,4
710,1993,8,9.5,12.1,17.4,24,7.4,3.8,20,NA,100.2,18.7,18,NA,6.3,124.9,2.9
710,1993,9,8.7,10.7,15,4,6.5,1.4,25,NA,137,34.1,20,NA,6.8,79.2,2.6
710,1993,10,4,6.2,10.4,1,1.3,-7.4,16,NA,52.2,28.6,22,NA,4.6,101.8,4.8
710,1993,11,5,6.6,9.5,17,2.8,-6.6,13,NA,310.3,40,9,NA,6.9,30.6,7.5
710,1993,12,-0.8,1.2,6,29,-3.1,-9.4,19,NA,78.1,16.6,29,NA,5.1,14.8,8.4
710,1994,1,-1.7,0.7,6.8,11,-4.1,-12.2,23,NA,243.9,73.6,12,NA,6.1,24.2,10.2
710,1994,2,2.2,3.9,7.4,18,0.1,-7.8,26,NA,262.6,40.2,1,NA,6.4,36.7,6.2
710,1994,3,-0.2,1.9,6.8,27,-2.7,-10.4,20,NA,164,51.2,28,NA,5.6,85.7,7.2
710,1994,4,1.9,4.7,9.2,15,-1,-5.5,29,NA,34.3,16,11,NA,3.8,238.8,6.9
710,1994,5,7.2,9.6,14.4,30,4.1,-0.2,15,NA,87.1,25,6,NA,5.5,181.2,3.4
710,1994,6,8.1,9.9,13.4,30,5.6,3,8,NA,59.6,13.6,25,NA,5.9,173.1,3.4
710,1994,7,11.2,13.4,17.8,6,9.5,6.8,6,NA,247,105.7,30,NA,7,116.9,2
710,1994,8,10.3,13.2,18.6,7,7.8,2,30,NA,54.5,19.2,26,NA,5.4,184.9,2.3
710,1994,9,6.8,9.4,13,8,4.4,-1.8,29,NA,129.3,61.2,7,NA,4.4,156.5,3.8
710,1994,10,4.6,6.4,10.8,12,1.9,-5,3,NA,172.1,68.6,19,NA,6.7,52.7,4.6
710,1994,11,3.9,6.1,10.4,8,1.5,-3,20,NA,241.4,53.6,19,NA,6,29.7,5.4
710,1994,12,0.2,2.8,9,2,-2.5,-8.4,31,NA,210.7,30.3,2,NA,5.4,25.3,7.2
710,1995,1,-0.5,1.8,5.8,7,-3,-9.8,1,NA,138,31,5,NA,6,12.4,5.3
710,1995,2,-1.5,0.8,5.2,20,-4.4,-10.8,8,NA,105.3,30.4,3,NA,4.4,77.1,5.9
710,1995,3,-1.1,1.4,6.5,30,-4.1,-10,4,NA,59.3,14.2,22,NA,4.5,170.9,7.6
710,1995,4,1.6,4.3,9.4,11,-1.1,-7.6,4,NA,35.7,19.1,11,NA,4.6,218.9,6.3
710,1995,5,5.6,8.5,15,29,3.1,-3.2,20,NA,65.2,18,4,NA,6.3,161.3,2.9
710,1995,6,9.9,12.8,20.5,9,6.9,2.8,2,NA,164.1,99.4,17,NA,5.6,216.8,2.3
710,1995,7,9.6,12.2,17.8,1,7.3,3,15,NA,59.4,15.5,26,NA,6.4,163.9,3.3
710,1995,8,10.2,12.9,16.8,2,8.2,3.4,25,NA,175.9,58.1,21,NA,5.8,170.4,2.6
710,1995,9,7.4,9.3,14.4,10,4.8,-2.4,29,NA,41.1,18.3,25,NA,5.9,92.4,3.9
710,1995,10,4.5,6.7,10.4,5,2.2,-3.4,30,NA,239,109,1,NA,5.9,70.9,4.5
710,1995,11,2.1,4.5,11.6,2,-0.6,-5.6,28,NA,58.1,22.6,7,NA,5.4,52.1,4
710,1995,12,-0.6,1.6,10.2,2,-2.7,-11.4,20,NA,213.9,48.7,3,NA,5.1,15.1,3.8
710,1996,1,3.3,5.4,8.5,9,1.3,-3,1,NA,144,28.9,10,NA,7.1,15.5,2.6
710,1996,2,0.1,2.6,6.5,21,NA,-12.4,27,NA,143,53.3,18,NA,6.2,56.7,5
710,1996,3,2.7,5.5,10.6,2,-0.3,-7.2,24,NA,73.8,17.5,16,NA,4.2,164.5,4.1
710,1996,4,4.4,6.3,9.6,10,2,-4.6,4,NA,192,50.8,8,NA,6.3,110.6,6.3
710,1996,5,5.7,8.4,13.4,15,3.2,-4.8,1,NA,42.2,14.6,28,NA,6.7,131.2,3.3
710,1996,6,9.5,11.9,17.2,22,7.4,2.2,3,NA,58.3,13.2,8,NA,6.2,149.7,3.4
710,1996,7,10.4,12.8,16,27,8.1,3.6,3,NA,106.2,38.3,19,NA,6.5,130.5,2
710,1996,8,10.3,12.6,16.5,16,7.4,4,25,NA,116.8,19,8,NA,6.3,129.5,3.4
710,1996,9,10.1,12.3,18.4,9,7.8,4.2,8,NA,205.5,47,24,NA,6.4,80,2.4
710,1996,10,5.4,7.4,11.8,14,2.7,-5.4,31,NA,318.4,51.2,16,NA,6,85,7
710,1996,11,-1.9,0.3,6.5,27,-4.4,-10.6,24,NA,72.3,56.6,29,NA,3.6,81.3,5.4
710,1996,12,-0.1,2.1,6,1,-2.2,-8.6,12,NA,76.6,29.4,1,NA,6.1,17.7,4.9
710,1997,1,0.8,3.2,8.8,28,-1.9,-7.6,7,NA,98.1,23.1,25,NA,5.1,41.2,5
710,1997,2,-0.1,2.3,6.6,16,-3.1,-9.2,4,NA,198.2,34.1,10,NA,5.9,69.1,6.3
710,1997,3,0.9,3.5,8,29,-1.7,-9.4,15,NA,145.6,25,4,NA,5.5,109.9,7.8
710,1997,4,3.5,6.6,14.5,15,0.3,-6,23,NA,61.5,16.4,29,NA,5.2,134.6,3.9
710,1997,5,5.2,7.9,14.2,25,2.4,-7,6,NA,15.7,10.7,29,NA,5.5,206.7,5.5
710,1997,6,7.7,10.6,17.6,28,4.9,-1,7,NA,88.3,40.6,19,NA,6.2,176,5.2
710,1997,7,10.7,12.8,16.8,30,8.8,4.4,7,NA,103.5,27.7,20,NA,7.6,79.3,1.6
710,1997,8,10.8,12.8,17,13,8.7,5,31,NA,209.6,46.4,17,NA,7,97.9,2.7
710,1997,9,7.8,10.2,14.8,3,5,-1.4,18,NA,209.5,65.6,25,NA,5.2,114.8,4.8
710,1997,10,4.5,6.9,9.8,6,1.8,-2.2,20,NA,120.6,47.8,6,NA,5.6,86.1,3.5
710,1997,11,5,6.6,9.6,19,3.2,-2.6,30,NA,271.5,43.6,26,NA,6.9,30.3,5
710,1997,12,2.7,4.4,9.2,14,0.5,-5.8,3,NA,241.9,48.8,14,NA,6.3,11.2,4.5
710,1998,1,1.1,3.2,8,2,-1,-12.6,18,NA,275,52.4,3,NA,5.8,34.9,9
710,1998,2,-0.5,2.4,8.4,13,-3.6,-12.6,28,NA,121.3,21.2,25,NA,5.4,78.6,5.9
710,1998,3,-0.9,2.2,10.8,14,-4.1,-14,1,NA,81.8,30.5,23,NA,4.9,162.3,8.1
710,1998,4,2.5,4.7,10.2,24,0.4,-8.6,10,NA,36.4,12.5,24,NA,5.8,142.5,4.3
710,1998,5,6.8,9.8,20.2,22,3.9,-1.4,9,NA,29.7,11.4,15,NA,5.5,204.6,5.2
710,1998,6,7.4,9.4,13.8,14,5.2,-0.6,2,NA,64.4,32.9,25,NA,6.9,92.2,2.7
710,1998,7,10,12.3,16.5,2,7.3,3.6,12,NA,27.3,9.9,8,NA,6.2,126.1,2.2
710,1998,8,10.6,12.6,14.8,4,7.9,2.4,22,NA,195,39.6,31,NA,6,128.3,2.5
710,1998,9,8.4,10.3,14.6,6,6.3,1.4,17,NA,104.9,29.3,19,NA,6.5,96.1,7.6
710,1998,10,3.3,5.5,10.2,5,0.7,-7,17,NA,97,29.9,7,NA,5.2,96.4,6.8
710,1998,11,2.8,5,9.6,7,0.1,-8.6,6,NA,284.3,75.5,8,NA,5.9,32.8,7.2
710,1998,12,1.8,4.2,9.6,7,-0.4,-8.8,20,NA,364.7,113.7,7,NA,5.9,7.4,7.3
710,1999,1,0.9,3.1,7.6,31,-1.6,-6.6,6,NA,105.7,28.4,28,NA,6.2,16.9,8.4
710,1999,2,-0.6,2.2,8.2,2,-3.5,-10.4,17,NA,116.7,19.4,24,NA,5.1,76.1,7.5
710,1999,3,-0.4,2.1,6,17,-3.1,-6.4,31,NA,50.7,16.1,29,NA,4.4,165,7
710,1999,4,2.9,5.7,12.6,27,-0.3,-6.4,17,NA,52.8,23.2,8,NA,5.8,160.8,5.8
710,1999,5,6.5,8.8,11.6,7,3.8,-1,2,NA,97,19.3,28,NA,6.5,122,4
710,1999,6,8.9,11.1,19.5,29,6.9,2.4,5,NA,113.2,34,26,NA,6.4,148.5,3.9
710,1999,7,10.4,12.9,23,26,8.2,4,6,NA,47.6,13.8,9,NA,6.4,133.8,2.3
710,1999,8,10.2,12.6,16.2,3,7.7,4.2,19,NA,33.1,5.9,28,NA,6.1,138.6,2.7
710,1999,9,8.8,10.8,15,21,6.4,-1.4,29,NA,317.7,69.3,16,NA,6.8,71.7,5.8
710,1999,10,6,8,10.2,18,3.5,-1.6,4,NA,113.7,21,27,NA,5.8,89.3,5.1
710,1999,11,2,4.5,10.4,3,-0.5,-9.4,28,NA,59.1,15,7,NA,5.5,49.3,5.3
710,1999,12,-0.9,1.9,7.2,31,-3.6,-11,2,NA,215.3,58.2,12,NA,5.8,18.5,5
710,2000,1,0.7,4.1,15.8,16,-2.4,-8.6,30,NA,55.9,21.8,1,NA,4.8,35.9,6.5
710,2000,2,-0.1,2.3,7.4,4,-3.1,-9.6,13,NA,136.6,24,9,NA,5.7,73.7,7.5
710,2000,3,0.7,2.9,8.2,29,-2.4,-11,6,NA,236.2,88.7,25,NA,5.8,107.4,9.1
710,2000,4,0.8,3.5,9.4,7,-2.2,-8.4,2,NA,28.2,10.3,7,NA,3.8,265.1,6.1
710,2000,5,6.4,8.7,11.4,15,4,-0.2,20,NA,80.1,14.2,16,NA,6.4,152.5,4.6
710,2000,6,7.9,10.1,13.4,28,5.2,1,3,NA,27.3,9,2,NA,6.3,154.9,2.9
710,2000,7,10,12.4,18,25,8.2,3.5,2,NA,32.8,16.2,17,NA,6.8,113.4,1.5
710,2000,8,10.8,13.5,17.5,5,7.8,4,7,NA,55.7,10.4,31,NA,5.6,162.3,1.8
710,2000,9,8.9,11.2,14.8,24,6.4,1.8,18,NA,119.6,21.6,7,NA,6.2,81,4.8
710,2000,10,5.9,7.9,10.6,2,3.4,-2,12,NA,207.1,31,16,NA,6.5,62.2,4.8
710,2000,11,2.8,5,8.6,30,0.1,-7,8,NA,58.5,21.5,27,NA,5.9,40.8,8
710,2000,12,1.1,3.4,9.2,2,-1.7,-13,31,NA,99.7,25.2,8,NA,5.5,20.6,7.5
710,2001,1,2.5,4,7.6,23,0.5,-6,9,NA,141.5,47.6,23,NA,5.9,33.1,7.7
710,2001,2,0.5,3.3,8.4,1,NA,-10.6,25,NA,151,48.7,1,NA,4.9,90,9.2
710,2001,3,-0.3,2.1,7.6,8,-3.3,-9.6,1,NA,107.4,36.2,31,NA,5.8,82.5,5.8
710,2001,4,3.3,5.8,10.2,24,-0.1,-5.4,11,NA,78.5,36.7,28,NA,5.8,146.6,4.9
710,2001,5,6.8,9.3,12.6,21,4.4,-1,3,NA,72,23.3,21,NA,6.5,168.8,4.1
710,2001,6,8.6,10.9,16.2,3,5.9,1.8,1,NA,108.1,42.9,19,NA,6,164.8,3.2
710,2001,7,10.4,12.5,14.4,31,8.1,3,13,NA,28.5,17.6,28,NA,6.6,129.6,2.5
710,2001,8,10.4,12.2,14,4,8.3,2.8,7,NA,189.8,38.7,22,NA,7.3,60.3,1.9
710,2001,9,8.9,11.1,14.6,5,6.2,0.6,26,NA,123.6,51.5,30,NA,6,105.7,3
710,2001,10,7.5,9.1,12.6,18,5.4,-1,31,NA,207.4,36.6,1,NA,6.3,59.4,5.4
710,2001,11,1.6,4.6,10,14,-2,-7.6,22,NA,119.2,35,25,NA,5.4,51.2,6.8
710,2001,12,1.4,4.5,11.4,23,-1.9,-9,27,NA,72.6,13.8,7,NA,5.3,15.8,5.4
710,2002,1,2,4.1,9,6,-0.6,-10.2,25,NA,408.8,79.5,19,NA,6.3,35.4,7.9
710,2002,2,-2,0.5,7.2,15,-4.8,-12.4,28,NA,89.4,34.5,2,NA,4.7,103.4,8.7
710,2002,3,0.5,3,8.2,23,-2.7,-10,1,NA,145.1,53.7,24,NA,5.5,124.2,5.4
710,2002,4,5.1,7.1,11.6,22,2.4,-4.6,27,NA,254.5,49.9,20,NA,6.4,118.1,6.9
710,2002,5,6.9,9.3,14.2,25,4.5,-2,12,NA,115,29.7,29,NA,6.4,142.8,6.4
710,2002,6,9.9,12.6,19.4,8,6.9,2.2,22,NA,118,72.6,18,NA,6.3,149.6,3.4
710,2002,7,10.6,12.9,17,25,8.1,5.4,30,NA,80.9,19.8,14,NA,6.2,161.3,3.1
710,2002,8,10.6,12.7,15,18,8.5,5.6,22,NA,84,14.2,23,NA,6.9,94.5,2.1
710,2002,9,9,11.4,19,10,6.4,2.5,28,NA,114,32.1,5,NA,6.5,92.9,2.6
710,2002,10,6,7.3,13.4,2,3.7,-5,28,NA,345.6,74.7,13,NA,5.7,85.5,7.8
710,2002,11,5.9,7.1,9.8,28,3.9,-4.4,16,NA,672.4,97.6,21,NA,6.8,30,7.1
710,2002,12,4.1,5.7,9.8,24,2,-3.6,29,NA,248.8,48.7,4,NA,6.8,4.4,3.2
710,2003,1,0.3,2.9,7,11,-2.1,-9.2,30,NA,124.9,25.1,24,NA,5.4,21.7,5.2
710,2003,2,3.7,5.5,8.8,17,1.2,-7.6,3,NA,285.1,38,16,NA,6.4,51.1,7.8
710,2003,3,4.4,6.3,9.2,16,1.7,-7.4,11,NA,242.4,55.2,1,NA,6.7,101.9,7
710,2003,4,5.8,8.1,12.5,18,3.2,-3,30,NA,63.5,11,18,NA,6.8,83.2,4.9
710,2003,5,5.6,8,11.6,28,3,-4.4,4,NA,73.6,42.4,19,NA,6,190.1,4.8
710,2003,6,9.9,11.8,15.2,19,7.9,3.6,15,NA,137.7,28.3,27,NA,7.5,45.6,3.2
710,2003,7,11.6,13.7,21.6,18,8.9,4,11,NA,165.8,36.3,24,NA,6.8,105,1.8
710,2003,8,12.6,14.9,17.2,25,9.9,2.8,28,NA,128.4,29.5,21,NA,6.1,141.6,1.7
710,2003,9,8.6,11,16,1,5.5,-2.6,23,NA,116.2,30.6,12,NA,6,134.7,4
710,2003,10,4.2,7.1,12.2,2,1.6,-4.2,23,NA,109.2,45.5,15,NA,5.1,123.5,3.7
710,2003,11,3.7,5.6,10.5,7,0.8,-6.4,4,NA,137.1,26.2,7,NA,5.5,39.7,5.1
710,2003,12,0.4,3.2,8.5,3,-2.3,-9.2,21,NA,116.3,22.6,17,NA,5.7,14.9,5.3
710,2004,1,-0.2,2.6,7.8,8,-2.8,-10.2,26,NA,148.5,30.3,8,NA,5.1,45.7,5.9
710,2004,2,0.8,3.4,9.2,23,-2.5,-10,8,NA,110.3,31.6,14,NA,5.2,58.5,6.2
710,2004,3,4.8,6.7,10,25,2,-4,28,NA,149.7,29.4,14,NA,6.1,110.6,7.2
710,2004,4,5.9,8,13.5,8,3.5,-1.6,14,NA,115.8,16.4,24,NA,6.6,113.5,6
710,2004,5,7.1,9.5,14.2,28,4.7,-1.2,5,NA,81.2,16.2,13,NA,6.4,145.7,5.5
710,2004,6,9.3,11.4,16.2,14,6.6,3.4,22,NA,75.2,36.7,30,NA,6.2,178.3,3.1
710,2004,7,11.5,13.7,18,7,8.5,4,5,NA,106.2,28.5,1,NA,5.7,184.4,2.1
710,2004,8,12.2,14.8,24.4,10,8.6,4.6,21,NA,215,67.2,3,NA,5.4,213.5,2.4
710,2004,9,9.5,11.7,13.4,25,7.1,1.6,15,NA,247.7,62,16,NA,6,119.3,3.9
710,2004,10,5.2,7.5,11.4,2,2.8,-5.2,28,NA,98.5,38.8,2,NA,5,105.5,6.1
710,2004,11,1.9,4.5,10,7,-0.8,-8.2,20,NA,150.1,48,3,NA,5.3,45.8,4.6
710,2004,12,-0.5,2.4,8.6,12,-3.4,-13,23,NA,145.8,35.5,8,NA,5,18.1,5.5
710,2005,1,-0.2,3.1,9.6,29,-3,-7,8,NA,124.1,46,15,NA,5.4,45.1,6.9
710,2005,2,1.1,3.9,13.6,21,-2.5,-8.8,5,NA,31.9,12.8,7,NA,4.6,92.5,5
710,2005,3,2.7,5.5,10.2,27,-0.8,-9.5,13,NA,107.2,45.1,18,NA,5.3,108.9,5.2
710,2005,4,3.9,6.8,11,19,1.1,-9,8,NA,123.2,43.3,18,NA,6.1,140.8,6
710,2005,5,5.1,8.1,14.4,13,1,-3,19,NA,1.7,0.8,2,NA,4.2,310.8,5.8
710,2005,6,9.3,12.2,17,26,5.5,1.4,2,NA,48.3,15.7,21,NA,6.1,184.4,2
710,2005,7,11,13.8,18,11,8.1,3.8,27,NA,201.3,77.8,4,NA,6.4,180.2,2.3
710,2005,8,10.3,12.6,15.6,11,7.7,3.4,23,NA,125.2,35.5,17,NA,6.3,122.6,3.7
710,2005,9,6.3,9.2,13,17,3,-1.2,25,NA,95.3,25.5,30,NA,5.4,141.4,5.7
710,2005,10,3.8,6.1,10.9,16,0.6,-8,26,NA,357.9,163,15,NA,6,71.9,5.8
710,2005,11,1.6,4,8,19,-1.3,-5.4,25,NA,67,21,7,NA,5.8,43.4,4.4
710,2005,12,2.6,5.1,9.4,14,-0.4,-7.4,17,NA,117.9,15.5,5,NA,6.4,11.3,4.7
710,2006,1,2.4,5.2,9,4,-1.1,-9.4,17,NA,234.6,42.6,4,NA,6.1,24.1,6.2
710,2006,2,3.3,5.7,8.6,3,0.5,-7.4,8,NA,108.3,20.6,13,NA,5.8,71.4,3.9
710,2006,3,0.5,3.3,13.5,18,-2.5,-9.5,21,NA,40.5,16.2,7,NA,4.8,163.4,6.1
710,2006,4,3.1,6.2,15.5,28,-1.1,-6,3,NA,92,22,10,NA,5,195.3,7.5
710,2006,5,5.7,8.8,17,7,2.1,-2.5,13,NA,88.3,29.5,3,NA,5.3,224.1,5.3
710,2006,6,9.9,12.4,14.6,10,6.9,3,13,NA,95.6,20.7,6,NA,6.1,203.5,5
710,2006,7,10.8,12.8,15.4,28,8.3,3.6,9,NA,150.3,23.7,4,NA,6.9,128.7,2.5
710,2006,8,11.3,14.1,18.6,6,8.6,4.8,17,NA,45.2,9,5,NA,6.2,148.6,1.7
710,2006,9,10.4,12.4,15.5,2,7.3,2.5,25,NA,119.6,25.6,16,NA,6.8,73.6,4.1
710,2006,10,6,7.8,13.2,14,3.6,-4.4,24,NA,217.5,47.1,28,NA,5.8,86.2,6
710,2006,11,1.4,4,9.8,5,-2.1,-10.5,19,NA,102.5,26.3,10,NA,6,46.5,8.7
710,2006,12,3.7,5.8,9.4,21,0.9,-6.4,16,NA,269.6,46,29,NA,6.4,7.4,7.3
710,2007,1,-0.5,2.3,11.2,25,-4,-11,10,NA,74.9,28.5,5,NA,5.3,30,5
710,2007,2,1,2.9,7.4,2,-1.8,-8,26,NA,98,22.6,15,NA,4.9,86.4,7.1
710,2007,3,3.3,5.7,9,31,0.1,-7.6,20,NA,219.1,34.3,26,NA,6,105,6.7
710,2007,4,5.5,8.4,18,3,2.4,-5.2,19,NA,124.1,39,21,NA,6.1,155.8,3.8
710,2007,5,5.6,8.8,14.2,30,2.2,-1.5,10,NA,11.3,8.8,21,NA,5.3,242.1,5.9
710,2007,6,9.8,12.5,16.5,13,7.7,3,13,NA,20.5,15.5,3,NA,6.5,171,3.5
710,2007,7,10.2,12.5,16.4,3,8,5,28,NA,26.2,14.2,31,NA,7.2,88.2,1.8
710,2007,8,10.3,13.3,17.6,6,7.8,4.6,27,NA,54.3,14.4,22,NA,6,160,3.1
710,2007,9,7.8,10.1,17.2,7,4.7,-1.4,17,NA,156,35.8,28,NA,5.8,139.7,4.6
710,2007,10,6.5,8.6,11.6,5,3.7,-2.6,30,NA,306.7,68.3,23,NA,5.8,88.6,5.7
710,2007,11,1.9,4.5,10,2,-1.2,-7,22,NA,143.5,49.6,30,NA,5.4,60.2,5.2
710,2007,12,2.2,4.6,9,14,-0.8,-7.6,30,NA,260.6,48.6,31,NA,6.5,8.5,6.1
710,2008,1,-0.1,2.5,8,3,-3.2,-8,19,NA,162.4,27.8,6,NA,5.4,41.3,6.5
710,2008,2,0.9,3.6,8.2,11,-2,-11.6,2,NA,92.4,23.6,11,NA,5.8,88.1,6.6
710,2008,3,0.6,3.1,7.4,5,-2.2,-6.8,3,NA,56.6,13,7,NA,6.2,111.8,6.6
710,2008,4,3.2,6.1,10.4,25,0.4,-7.6,5,NA,8.1,2.5,14,NA,5.5,178.8,7
710,2008,5,7.5,9.8,13.6,8,5.2,1.6,10,NA,58.9,10.9,3,NA,6.9,140.4,3
710,2008,6,9.3,11.5,13.5,24,6.4,2.6,19,NA,103.5,53.7,17,NA,5.9,176.8,4.2
710,2008,7,11.3,14,24.2,30,8.8,5.6,9,NA,91,24.9,2,NA,6.6,112.4,2.5
710,2008,8,11,13.2,18.6,1,8.1,4,13,NA,101.8,21.7,29,NA,6,159.7,2.7
710,2008,9,9.7,11.5,15,2,7.3,2,30,NA,366.8,113.2,11,NA,6.2,117.9,4.8
710,2008,10,3.1,5.5,11,7,0.3,-5,22,NA,146,58.4,7,NA,5.5,105.1,6.6
710,2008,11,2.5,5.4,11.5,18,-0.2,-6.4,21,NA,75.6,28.4,5,NA,5.8,43.5,4.9
710,2008,12,0.5,3,8.8,23,-2.3,-7.6,19,NA,156.2,31.6,24,NA,5.7,24.6,3.3
710,2009,1,2.2,4.8,8.5,15,-0.2,-5.4,13,NA,317.8,69.4,21,NA,7.2,8,5.6
710,2009,2,0.6,2.9,7.6,16,-1.9,-7.2,4,NA,108,19.6,21,NA,5.5,77.9,4.1
710,2009,3,0.9,3.4,8.4,20,-1.7,-8,28,NA,104.7,25.2,11,NA,6,117.5,6.4
710,2009,4,5.8,7.7,10,27,3.1,-2.8,3,NA,167,42.1,23,NA,7.3,88.4,4.9
710,2009,5,7.6,10.5,15,17,5.1,-1.2,10,NA,81.9,35.5,24,NA,5.8,200.3,7.8
710,2009,6,9,11.5,19.6,28,6.8,2,8,NA,46.1,24.1,17,NA,6.7,124.9,2.2
710,2009,7,11.1,13.9,18.8,4,8.4,3.6,25,NA,49.2,16.7,31,NA,6,139.2,2.9
710,2009,8,10.8,13.5,16.4,6,8.2,4.2,15,NA,173.2,52,24,NA,6.5,94.2,4.2
710,2009,9,8.3,10.9,16.6,12,5.6,-1.2,29,NA,79.6,22.6,21,NA,5.6,109.6,3.8
710,2009,10,5,7.2,12.4,30,2.6,-4.2,8,NA,374.8,180.6,10,NA,6.4,68,6
710,2009,11,4.1,5.6,9.2,9,2.2,-5.4,28,NA,204.4,55.2,14,NA,6.3,28.3,7.7
710,2009,12,1.2,3.4,9.5,12,-1.5,-9.4,24,NA,169.9,39.6,12,NA,6,18,7.8
710,2010,1,1.4,3.8,9,16,-1.1,-10,5,NA,146.2,33.4,22,NA,5.6,19.6,4.6
710,2010,2,-0.6,1.8,5.6,15,-2.8,-7,25,NA,15.1,8.5,16,NA,4.8,93.5,6.4
710,2010,3,2.5,5,8.6,24,0.4,-8.8,1,NA,110.5,42.4,23,NA,6.3,94.9,6.9
710,2010,4,1.9,5.2,11,14,-1.1,-8.2,2,NA,95,33.4,10,NA,5.4,194.3,7
710,2010,5,6.8,10.2,16.6,4,4.3,-2.4,11,NA,56.7,18,19,NA,6.6,141.6,3.3
710,2010,6,10.2,12.6,17.2,15,7.7,3,26,NA,26.9,6.9,11,NA,6.4,139.9,2.7
710,2010,7,11.5,13.8,17.4,17,9.5,6,13,NA,203.9,67.6,7,NA,7.2,93,2.8
710,2010,8,11.1,13.7,16.8,12,8.7,4,29,NA,83.4,37.4,16,NA,6.1,117.5,2.3
710,2010,9,9.7,11.9,16,4,7.2,0.2,19,NA,209.7,55.7,26,NA,6.2,97.4,4.4
710,2010,10,5.9,8.5,12,4,3.6,-4.5,25,NA,195.7,45.4,2,NA,5.2,93.3,4.4
710,2010,11,1.5,3.9,8.6,1,-1.2,-6.8,15,NA,253.1,70.3,20,NA,5.3,52.4,6.8
710,2010,12,-0.2,3,11.6,10,-2.9,-12.8,22,NA,116.5,77.5,26,NA,5.1,27.8,6.6
710,2011,1,0.9,3.6,8.5,31,-1.9,-10.4,6,NA,70,19.6,19,NA,5.5,42.4,6
710,2011,2,2.6,4.8,9,23,-0.2,-6.6,4,NA,306.6,48.9,9,NA,6.6,48,4.8
710,2011,3,1.6,4.4,9.7,3,-1.7,-8.5,10,NA,172.7,31.7,2,NA,5.4,126.8,6.6
710,2011,4,5.9,8.2,10.8,27,2.9,-1.1,4,NA,249.7,26.1,1,NA,6.4,153.8,6.5
710,2011,5,6.5,9,14,9,4.1,0.6,25,NA,58.3,18,27,NA,6.8,116.9,6.2
710,2011,6,8.1,10.6,14,11,5.3,1.6,8,NA,50.8,33.6,1,NA,5.5,236.8,5.1
710,2011,7,10.4,12.4,16.6,29,8.2,3.4,10,NA,133,72.5,3,NA,6.8,113.9,2.8
710,2011,8,10.6,12.9,17.6,29,8.2,4,27,NA,94.1,37.9,6,NA,6.7,130.8,3.3
710,2011,9,9.1,10.9,13.2,30,6.3,-0.4,14,NA,334.1,43.6,5,NA,6.7,78.9,5.8
710,2011,10,5.8,7.8,10.6,1,3.3,-2.6,19,NA,278.8,65.4,14,NA,6.4,88.3,5.9
710,2011,11,4.9,6.9,11.6,8,2.8,-5.4,30,NA,251.2,37.4,6,NA,6.8,21.7,5
710,2011,12,-1.7,0.9,5.6,22,-4.5,-9.6,6,NA,97.1,24.8,11,NA,5.7,17.5,6