Mánaðarmeðaltöl fyrir stöð 846 - Sámsstaðir,,,,,,,,,,,,,,,,,
stöð,ár,mán,t,tx,txx,txxD1,tn,tnn,tnnD1,rh,r,rx,rxD1,p,n,sun,f
846,1961,1,1.6,4.1,8,11,-1,-9,6,NA,89.3,19.4,27,NA,6,NA,3.6
846,1961,2,1.5,4.2,9.5,24,-1.2,-8,5,NA,135.1,40.1,22,NA,5.6,NA,4.2
846,1961,3,0.5,3.5,9.5,7,-2.5,-10.5,31,NA,196.9,19.9,3,NA,6.4,NA,3.6
846,1961,4,3.1,6.5,15,29,0.3,-14.5,1,NA,22.6,15.2,14,NA,4.5,NA,2.1
846,1961,5,8.1,12,15.5,1,6.1,-1,25,NA,78.4,37.3,28,NA,5.5,NA,2.9
846,1961,6,8.7,12,15,17,5.4,2.5,30,NA,89.6,20.7,8,NA,4.9,NA,3.3
846,1961,7,11.5,14.8,19,15,7.8,4.5,4,NA,57.1,10.5,14,NA,5.3,NA,2.8
846,1961,8,11.2,14.6,18.9,6,7.3,4.4,24,NA,101.6,22,23,NA,4.6,NA,2.8
846,1961,9,9.1,12.3,16.3,8,6.5,1.5,24,NA,93,20.4,4,NA,5.3,NA,5.6
846,1961,10,5.6,8.3,12,20,3.7,-4.5,31,NA,147.3,31.2,13,NA,5.6,NA,3.9
846,1961,11,2.1,4.2,9.5,13,-0.1,-7.5,24,NA,215.1,50.4,14,NA,5.5,NA,3.5
846,1961,12,-2,0.8,9,17,-4.3,-16.5,28,NA,62.3,21,19,NA,5,NA,1.7
846,1962,1,0.6,3,8.1,28,NA,NA,NA,NA,189.5,22.6,4,NA,6,NA,5.4
846,1962,2,0.4,3.2,7.6,23,NA,NA,NA,NA,133,17.8,11,NA,5.2,NA,4.9
846,1962,3,-1.4,1.5,11.1,19,NA,NA,NA,NA,2.7,2.1,23,NA,4.7,NA,3.1
846,1962,4,4.6,7.7,12.4,25,NA,NA,NA,NA,113.9,32,15,NA,5.3,NA,3.2
846,1962,5,6.9,10.4,14,28,NA,NA,NA,NA,59.7,17.2,27,NA,5.1,NA,2.9
846,1962,6,9.2,12.4,17.8,19,6.9,4.2,9,NA,54.6,8.2,6,NA,5.7,NA,3.3
846,1962,7,11.4,14.3,19.5,20,8.4,4,2,NA,72.3,27.2,1,NA,4.6,NA,2.2
846,1962,8,10.9,14.4,17.6,5,7.4,3,13,NA,67.8,13.9,31,NA,4.3,169.3,2.4
846,1962,9,7.5,10.8,14,1,4.8,-0.6,16,NA,123.3,41,19,NA,5.2,119.6,3.8
846,1962,10,4.8,7.5,11.2,5,2.4,-7.5,31,NA,183.3,25.1,21,NA,6.2,64.8,2.1
846,1962,11,1,3.6,11,6,-2.1,-9.5,15,NA,83.6,26,10,NA,5.1,47.2,3.2
846,1962,12,0.4,3,9.5,2,-2.1,-12,12,NA,169.7,36,19,NA,5.8,23.7,4.6
846,1963,1,-0.2,2,7,24,-2.9,-10.2,11,NA,57.1,15.2,24,NA,5.3,55.2,2.7
846,1963,2,1.7,3.7,7,16,-0.7,-12,5,NA,75.9,22,28,NA,5.7,54.6,4.5
846,1963,3,5,7.8,11.4,19,2.6,-2.5,12,NA,99.4,27.2,2,NA,4.9,82.9,3.4
846,1963,4,4.4,8,13.4,22,1.6,-14.2,11,NA,50.7,12.4,26,NA,5.1,108.8,5
846,1963,5,6,9.4,15.2,12,2.1,-5,6,NA,91.9,29.2,30,NA,5,174.4,4.5
846,1963,6,10.3,13.6,20,7,7.4,4.5,16,NA,39.8,11.2,26,NA,5.4,NA,1.6
846,1963,7,11.1,15.3,22.8,8,7.1,1,16,NA,57.4,11.1,30,NA,4.4,NA,4.6
846,1963,8,10.2,13.8,19,11,7,2,27,NA,37.1,11.5,5,NA,5.2,144.5,2.2
846,1963,9,5.7,9.6,15,2,2.9,-2,27,NA,128.3,42.5,19,NA,5.4,129.3,3.6
846,1963,10,5.1,8.3,12,27,2.5,-2.3,10,NA,148.5,17.7,20,NA,6.1,69.1,3.9
846,1963,11,-1.3,2,9,29,-4.2,-12.5,23,NA,103.7,40,27,NA,5.1,63.2,3.4
846,1963,12,2.1,4.3,10,11,-0.2,-9.5,26,NA,87.9,19,22,NA,6,3.8,2.1
846,1964,1,3.2,5.9,10,18,0.7,-11,30,NA,189.7,21.6,22,NA,6.3,16.9,4.6
846,1964,2,3,5.6,12,26,0,-13,3,NA,53.7,11.6,7,NA,6.9,NA,1.7
846,1964,3,5.7,8.8,12,27,2.6,-4.2,24,NA,93.5,18.9,26,NA,5.8,66.1,3
846,1964,4,4.6,8,13,25,1.4,-2.5,20,NA,104,23.6,18,NA,5.5,170.8,2.2
846,1964,5,8.1,11.5,15.6,17,4.8,-1,14,NA,38.1,8.7,17,NA,5.7,150.5,3.5
846,1964,6,9.2,12.7,16.5,16,5.8,1.6,27,NA,93.1,22.2,14,NA,5.5,166.7,3
846,1964,7,10.2,13.6,17.5,9,7.5,2.5,28,NA,146.6,18,24,NA,5.5,160.9,3.1
846,1964,8,9.5,13.9,19,7,6.2,0,21,NA,25.7,10.8,16,NA,4.6,210.2,3.5
846,1964,9,7.2,10.6,16.5,5,4.8,-2.5,20,NA,86.8,17,1,NA,5.2,125.1,2.5
846,1964,10,5.2,8.5,15.9,4,2.6,-4,8,NA,190.6,30.2,21,NA,5.6,85.6,3.1
846,1964,11,2.8,5,10.9,11,0.2,-11.5,17,NA,159.7,24,8,NA,5.6,21.5,2.7
846,1964,12,-2,0.6,8.9,18,-5.5,-14,13,NA,92,28,19,NA,4.8,23.9,3.4
846,1965,1,0.1,2.6,8.4,6,-2.8,-12,14,NA,81.8,13.7,4,NA,5.1,39.1,3.2
846,1965,2,3.3,5.8,9.4,18,0.8,-9,12,NA,76.5,13,9,NA,5.1,72.8,2.5
846,1965,3,0.3,4.7,17.9,31,-3.6,-13,24,NA,24,6,6,NA,4,152.3,2.7
846,1965,4,3.8,7.8,15.4,30,0.3,-10,13,NA,75.3,13.8,3,NA,4.5,205.4,2.8
846,1965,5,7.5,11.5,15.5,14,4.5,0,4,NA,26.9,12.2,31,NA,4.2,174.1,2.7
846,1965,6,9.1,12.7,17.2,15,6,3.5,7,NA,53.7,9.8,5,NA,4.8,143.5,2.3
846,1965,7,11.6,15.2,24,4,8.4,4.5,26,NA,30.5,7,1,NA,4.3,182.3,2.7
846,1965,8,10.2,14.2,17.6,10,7,0,27,NA,76.7,15,19,NA,4.1,181.1,3.5
846,1965,9,7.6,11.2,13.4,19,4.8,0,9,NA,67.7,12,3,NA,4.6,136,2.5
846,1965,10,7.2,10,14,4,4.6,-2.2,31,NA,261.3,59.8,20,NA,5.6,65.6,3.6
846,1965,11,0,2.5,10.3,10,-2.4,-11.5,29,NA,44.3,9,6,NA,3.6,83,2.5
846,1965,12,-0.9,1.7,9.4,15,-3.6,-13,27,NA,28.2,8,21,NA,5.2,17.7,4.6
846,1966,1,-1,1.1,8.9,6,-3.7,-17,24,NA,39.7,12,6,NA,5.4,47,3.9
846,1966,2,-0.7,2.3,7,3,-3.2,-11,20,NA,11,10,28,NA,3.9,94.8,4.5
846,1966,3,0.2,3,7.9,15,NA,NA,NA,NA,131.5,18,18,NA,4.7,60.9,4.6
846,1966,4,3.8,7.5,12.5,30,0.6,-6,1,NA,54,11.5,3,NA,4.5,136.2,2.3
846,1966,5,5.8,9.5,14,12,1.9,-5,7,NA,94.6,14.2,28,NA,4.9,167.6,2.9
846,1966,6,10.2,13.1,16.9,18,6.5,2,10,NA,211.3,67,6,NA,4.7,121.5,2.9
846,1966,7,10.8,14.6,19.7,31,7.5,4,25,NA,139.8,46,22,NA,4.5,207.6,3.9
846,1966,8,10.7,14.3,22.1,1,8,5,10,NA,83.5,39.5,25,NA,4.8,146,2.7
846,1966,9,8.4,10.9,13.5,3,5.8,-1,9,NA,70.6,29.5,18,NA,5.1,58.2,2.3
846,1966,10,3.1,7.3,12.2,10,0.7,-5,31,NA,57.5,21.5,30,NA,3.3,118.1,2.5
846,1966,11,0.3,3.2,9.5,17,-2.8,-9,27,NA,201.2,32,22,NA,5.3,NA,4.1
846,1966,12,-1.8,0.9,5.6,4,-4.7,-14.5,24,NA,99.5,17,8,NA,4.4,26.8,5.3
846,1967,1,2.2,4.4,8.5,14,-0.7,-8.5,19,NA,156.5,68,15,NA,4.8,43.4,4.8
846,1967,2,1.8,4.2,9.5,15,-0.3,-10.5,28,NA,108.5,14,14,NA,4.4,29.3,4.2
846,1967,3,-2.9,1.1,7.2,18,-6.3,-13.5,2,NA,93.4,26,20,NA,4.6,130,4.7
846,1967,4,2.2,5.5,10.2,8,-1.2,-11,17,NA,130.4,22.3,14,NA,5.3,105.2,3.3
846,1967,5,6,10,14.5,11,2,-7.2,1,NA,21.6,13.2,16,NA,3.2,256.6,2.4
846,1967,6,9,12.6,15.2,29,6.1,2.5,7,NA,115.8,23.8,11,NA,5.9,154.7,4.7
846,1967,7,11.3,15.2,20.2,11,7.7,5,9,NA,49.3,21,9,NA,6,264.8,3.1
846,1967,8,10.5,14.1,17.6,16,7.2,4.5,3,NA,120.4,45.5,22,NA,6.2,197.5,2.6
846,1967,9,8.2,11.9,15.5,10,5.8,1.5,6,NA,112.8,29.2,17,NA,6.6,105.4,2.9
846,1967,10,2.8,6.3,12,2,0.3,-12.5,17,NA,23.4,5.3,9,NA,5.6,110.5,3.9
846,1967,11,0.3,3.2,9,18,-2.7,-10.5,28,NA,150.2,26,21,NA,6.3,52.7,5
846,1967,12,-0.9,2,8.5,22,-3.8,-14.7,8,NA,285.8,61.8,11,NA,6.5,23.6,NA
846,1968,1,-1,1.7,6.5,18,-3.9,-17.7,2,NA,129.4,26.9,26,NA,6.5,19.8,5
846,1968,2,-0.8,1.4,7.7,28,-3.8,-12.8,1,NA,130,31.4,28,NA,5.8,38.2,4
846,1968,3,-0.6,2.2,7.5,9,-3.4,-17,31,NA,99.8,18,5,NA,6,96.7,4.2
846,1968,4,3.2,6.9,12.4,19,0.2,-19.2,1,NA,82.2,12,10,NA,5.5,149.7,3
846,1968,5,5.6,9.9,16.9,25,2,-5,4,NA,12,7,31,NA,5.6,226.8,2.9
846,1968,6,8.7,11.9,16.5,6,6.3,1.5,24,NA,91.5,12.8,18,NA,6.8,97.7,2.4
846,1968,7,11.7,15,21.2,5,9.1,6.2,11,NA,66.9,15,29,NA,6.2,179.1,1.5
846,1968,8,10.2,13.7,19.7,9,7.3,2,18,NA,182,35,26,NA,6.1,143.9,3.4
846,1968,9,9.2,12.9,18.5,11,7,-2.5,30,NA,51,17.3,3,NA,6.4,114,3.8
846,1968,10,3.6,6.5,12.6,19,1.1,-9.9,31,NA,59.8,9.7,26,NA,6.4,67.6,5.1
846,1968,11,5,6.7,12.2,17,2.7,-8.5,1,NA,72.1,16.8,17,NA,6.8,38.8,6.7
846,1968,12,0.1,2.5,10.5,7,-2.6,-14,19,NA,99.6,22.5,7,NA,6.5,31.7,6.4
846,1969,1,-1.7,1.1,8.8,22,-4.5,-17.5,15,NA,69.8,34.1,1,NA,6,55.4,6.8
846,1969,2,-2.7,0.2,7.7,28,-6,-19.1,7,NA,111,22.4,28,NA,6.2,66.7,5.5
846,1969,3,1.4,4.2,10.7,25,-1.6,-17,8,NA,140.6,20,27,NA,6.6,76.8,5.4
846,1969,4,3.5,7.1,13.5,29,-0.4,-8,12,NA,116,21.6,4,NA,6.4,179.8,8.9
846,1969,5,6.9,10.7,16.6,25,3.4,-2,13,NA,48.6,17.7,21,NA,6.4,187.5,5.9
846,1969,6,10,13.1,16.7,27,7.2,2.5,13,NA,123.6,18.7,25,NA,6.9,111.4,6.1
846,1969,7,10.4,13.3,17.5,6,7,3.6,18,NA,125.6,26.8,2,NA,6.4,162.6,7.7
846,1969,8,11.3,14.1,17.6,20,9,4.5,22,NA,148,27,13,NA,7.1,85.7,7.2
846,1969,9,5.6,8.6,13.5,2,3.2,-4.1,30,NA,151.6,21.7,8,NA,6.7,99.5,6.8
846,1969,10,5.3,7.7,12.6,7,3,-5.2,1,NA,148.6,16.6,3,NA,7.7,29.1,8.6
846,1969,11,-2.3,0.5,5.5,30,-5.5,-10.6,14,NA,48.8,18.3,30,NA,6.2,75.1,7
846,1969,12,0.3,2.8,6.8,27,-2.7,-13.9,11,NA,161,36.4,14,NA,6.7,12.8,5.9
846,1970,1,0.9,3,8.5,20,-1.3,-13.3,7,NA,83.2,26.5,21,NA,6.2,28,8
846,1970,2,-1.9,0.7,4.8,28,-4.9,-11,5,NA,92,31.4,28,NA,5.4,95.7,7.3
846,1970,3,-2,0.8,5.6,16,-5.3,-13,26,NA,177.4,36.2,29,NA,6.3,152.6,8.5
846,1970,4,2.8,5.9,10.1,30,-0.5,-5,1,NA,61.3,15.9,15,NA,6,154,6.8
846,1970,5,7.1,10.2,15.5,11,4.2,0.4,2,NA,127.7,15.3,20,NA,7.2,125.9,7.1
846,1970,6,9.4,12.5,18.4,22,6.2,1,1,NA,104.7,18,3,NA,7,133.9,5.5
846,1970,7,9.9,13.9,18.7,14,6.1,3.2,18,NA,40.4,8.8,16,NA,5.3,244.8,6
846,1970,8,10.5,13.1,18.3,5,7.5,1,16,NA,130.8,41.2,25,NA,7.1,110.5,5.1
846,1970,9,7.7,10.9,15.4,22,4.7,0.5,1,NA,108.1,21.8,29,NA,6.6,123.3,6.3
846,1970,10,3.9,6.2,15,13,1.4,-7.8,27,NA,159.3,48,9,NA,6.7,69.6,6.9
846,1970,11,0.6,2.8,8,7,-1.8,-7,12,NA,39.2,14.3,8,NA,6.6,46,5.8
846,1970,12,1.6,4.2,9.5,14,-1.6,-9.5,20,NA,142.8,19.8,10,NA,6.9,20.5,6.8
846,1971,1,-2.2,0.5,9.7,11,-5.2,-14,30,NA,35.6,8.4,27,NA,5.9,64.4,7.1
846,1971,2,1,3.6,9,25,-1.4,-6.4,13,NA,143.9,21,8,NA,6.9,43.8,7.9
846,1971,3,1.6,4.3,8.2,7,-0.8,-10.6,21,NA,99.1,11.2,31,NA,7,82.9,5.6
846,1971,4,4.5,7,11.7,23,1.4,-5.5,16,NA,91.2,21.3,10,NA,7.2,98.7,6.8
846,1971,5,7.6,10.8,15,8,4.6,1.1,15,NA,101.1,10.1,24,NA,7,151.1,5.9
846,1971,6,10.4,14.1,20.4,12,6,2.8,22,NA,29.7,16.2,25,NA,6,261.5,5.8
846,1971,7,11.2,14.3,18.3,15,8.2,6,9,NA,99.1,31.5,15,NA,6.7,173.4,5.6
846,1971,8,10.2,13.4,18.1,13,6.8,1.9,28,NA,67.6,15.7,18,NA,6.6,177.5,6.1
846,1971,9,8.3,11.6,20.2,10,5.9,1.1,22,NA,172.5,24.1,18,NA,7.4,94.7,6.1
846,1971,10,4.4,7.1,13,4,1.6,-8.3,12,NA,136.6,25.5,17,NA,6.6,89.7,6.1
846,1971,11,0.2,2.8,8,14,-2.3,-13.2,17,NA,154.6,31.4,14,NA,6.8,25,5.9
846,1971,12,0.6,3.3,8.5,5,-2.3,-11,13,NA,144.4,14.5,31,NA,7.2,5.5,5.9
846,1972,1,2.6,4.9,9,11,0.6,-7.5,24,NA,101.8,21.3,18,NA,7.2,13.5,8.6
846,1972,2,2.6,4.8,9.3,26,0.4,-8.4,15,NA,181.5,48.4,23,NA,7,48.8,6
846,1972,3,2.2,4.7,8.5,16,-0.2,-5.9,29,NA,223.8,38.2,3,NA,6.7,107,6.7
846,1972,4,4.1,7.3,14,20,1.1,-5.8,3,NA,76.6,14.2,13,NA,6.4,160,8.3
846,1972,5,8.4,11.2,15.2,21,5,-4.1,1,NA,72,23.3,5,NA,NA,161.7,8.1
846,1972,6,9.4,12.7,18,22,5.3,1.7,17,NA,64,27.9,16,NA,5.9,198.5,5.7
846,1972,7,10.2,13,16,7,7.7,4.9,11,NA,108.2,16.7,14,NA,7.3,85.6,5.2
846,1972,8,9.6,12.8,18,12,5.7,2.6,23,NA,113.1,16.3,19,NA,6.4,175.7,7.1
846,1972,9,7.9,10.9,13.8,23,5.5,-1.5,9,NA,141.5,22,5,NA,6.9,102.9,7
846,1972,10,4.5,7,10.5,5,1.8,-4.6,23,NA,176.4,37.9,12,NA,7.2,57.6,6.3
846,1972,11,-0.1,2.1,8.8,6,-2.4,-9.5,22,NA,123.3,15.6,25,NA,6.5,43.6,7.6
846,1972,12,1.3,3.7,10.3,17,-1.1,-4.5,7,NA,174.6,25.1,19,NA,6.8,19.7,9.7
846,1973,1,2.8,5.1,9.5,10,0.5,-4.7,26,NA,189.5,19.5,16,NA,7,7.7,7.5
846,1973,2,-1.7,1.1,7.5,3,-4.9,-11.9,23,NA,135.7,27.4,11,NA,6.9,42.6,10.8
846,1973,3,1.6,4.4,8,13,-1,-9.8,5,NA,180.3,33,21,NA,7.1,71.1,7.7
846,1973,4,3.3,6,10.5,23,0,-11.9,2,NA,86.5,27,4,NA,6.8,115.5,5.5
846,1973,5,5.9,9.4,13.6,25,1.5,-4.3,2,NA,66.9,27.2,16,NA,5.7,221.5,6.4
846,1973,6,8.2,10.9,14,3,4.8,0.8,11,NA,81.9,20,26,NA,6.5,144.2,6.3
846,1973,7,11.1,14.1,20,22,7.7,3.7,1,NA,61.6,17,6,NA,6.4,193,4.4
846,1973,8,10.4,13.9,18.7,16,6.8,1.4,18,NA,117.6,20,25,NA,6.3,162.2,5.8
846,1973,9,8.7,11.5,15,2,5.5,0.8,29,NA,87.9,31.2,25,NA,6.8,99.4,5
846,1973,10,4.7,7.1,12.7,5,1.5,-5.4,17,NA,232.4,39.5,29,NA,6.3,75.3,5.5
846,1973,11,-1.5,1.5,8,6,-4.8,-11.3,16,NA,141.3,54,7,NA,6.1,55.3,6.2
846,1973,12,-3.8,-0.3,7.7,2,-7.3,-18.2,18,NA,90.4,19,2,NA,5.5,37.9,7.7
846,1974,1,1.3,3.6,7.4,5,-1.5,-8.5,18,NA,125.5,20,23,NA,6.3,7.9,6
846,1974,2,0.1,2.4,7.5,26,-3.2,-10.2,9,NA,135.1,26,18,NA,5.5,68.4,7.9
846,1974,3,4.4,6.5,9.1,21,1.1,-6.6,2,NA,184.8,32.8,6,NA,7,59.8,7.8
846,1974,4,6.7,8.7,12.6,30,4.6,-1.9,3,NA,141.1,33.2,8,NA,7.5,53.8,5.3
846,1974,5,8.4,11.6,17,23,5.4,-0.2,28,NA,37.5,6.2,21,NA,6.3,135.6,5.2
846,1974,6,10,13.2,19.5,22,7,3.2,8,NA,136.4,31.6,13,NA,6.6,139,4.6
846,1974,7,11.5,14.8,18,27,7.8,5,1,NA,73.8,14.7,20,NA,5.7,210.8,4.3
846,1974,8,10.4,13.5,18.2,2,8,4,26,NA,67.4,14.5,31,NA,6.3,120.5,3.7
846,1974,9,6.2,9.4,16,1,3.7,-1.8,24,NA,72.1,11.2,13,NA,6.1,124.1,5.3
846,1974,10,4.4,7.1,11,13,1.9,-6.8,28,NA,204.4,59.3,23,NA,6.8,70.7,4.9
846,1974,11,2.2,4.3,10.1,5,-0.3,-5.9,17,NA,80.1,30.7,5,NA,5.9,46.9,4.1
846,1974,12,-2.4,0.3,6.2,30,-5.2,-12.4,22,NA,80.1,11.6,1,NA,6.6,12.6,6.8
846,1975,1,-1.9,0.9,8,2,-4.8,-10.2,29,NA,59.2,10.7,1,NA,5.9,24.8,9
846,1975,2,3.3,5.1,9.8,28,0.7,-4,14,NA,117.2,18.8,17,NA,7.5,31.7,6.7
846,1975,3,1,3.6,8.5,1,-2.6,-13.1,25,NA,91.1,22.6,12,NA,7.1,105.9,7
846,1975,4,3.3,7,13.5,4,-0.6,-10.2,8,NA,64.3,16.3,23,NA,6.1,182.5,6
846,1975,5,7.2,11.1,22.1,28,2.5,-4.9,11,NA,83,27.6,9,NA,6.4,249.4,5.2
846,1975,6,8.3,11.3,16.9,9,4.7,-2.4,2,NA,100.2,20.5,23,NA,7,101.2,5.1
846,1975,7,10.3,13.1,19.2,11,6.6,3,17,NA,93.9,14.6,20,NA,7.1,129.7,4.4
846,1975,8,10.8,13.6,18.7,5,7.9,4.8,1,NA,129.9,23,9,NA,7.4,98.1,5.2
846,1975,9,5.5,9.1,14.5,5,2.5,-3.9,26,NA,131.8,24,15,NA,6.1,160.1,4.8
846,1975,10,6.7,9.2,12.5,8,3.8,-1.9,30,NA,114,17.5,25,NA,7,60.3,4.8
846,1975,11,2.1,4.6,10.8,1,-1,-9.4,28,NA,170.4,32.3,8,NA,6.8,39.8,6.7
846,1975,12,-0.7,2.4,7.4,26,-5,-12.8,31,NA,211.1,29.5,10,NA,7,14.1,7
846,1976,1,-2.1,0.6,5.8,17,-6.2,-14.4,1,NA,122.1,15.7,20,NA,6.9,17.5,7
846,1976,2,0.6,3.3,8.2,20,-3.5,-11.4,29,NA,201.7,34.5,5,NA,7.1,30.4,9.1
846,1976,3,1.5,4.2,8.4,2,-1.9,-10.5,1,NA,158.8,27.5,20,NA,7.4,82.2,8.8
846,1976,4,3.2,6.2,15,21,0,-9.5,1,NA,75.2,15.1,10,NA,6.6,109,4.2
846,1976,5,7.2,10.1,15.2,26,4.4,-4,4,NA,96.4,15.5,24,NA,6,208.5,6.3
846,1976,6,10,13.1,17,15,6.8,3.5,6,NA,71.6,11,10,NA,6.8,169.3,5.5
846,1976,7,11.9,14.7,20.5,9,8.9,4.8,31,NA,114.6,21.6,4,NA,6.6,132.9,3.5
846,1976,8,10,12.1,14.5,19,7.7,3.2,30,NA,347.2,65.8,8,NA,7.5,90.2,5.5
846,1976,9,8.4,11.8,15.5,22,5.8,1.5,11,NA,52.7,13.5,5,NA,6.7,139.3,3.7
846,1976,10,6.1,8.7,15.3,3,3.5,-1.8,8,NA,81.3,15.4,30,NA,6.8,98.3,5.5
846,1976,11,3,5.2,9.7,19,0.8,-6.8,30,NA,107.3,28,19,NA,6.4,50,6.9
846,1976,12,-1.6,1.1,9.2,11,-4.2,-13,8,NA,15,6.2,12,NA,5,44.6,5.6
846,1977,1,-1.5,0.7,7.5,3,-4,-10.8,11,NA,75.4,26.7,3,NA,5.5,55,6.6
846,1977,2,0.7,3.2,6.8,6,-1.9,-7.4,3,NA,12.2,4.7,17,NA,5.4,95.6,5.4
846,1977,3,3.5,6.5,9.4,17,0.9,-5.2,31,NA,52.6,12.7,29,NA,6.4,106.9,4.9
846,1977,4,2.4,5.2,10.1,22,-0.9,-8,2,NA,108,18.7,24,NA,6.2,181.7,5.8
846,1977,5,7,10,15,25,3.8,-2.5,1,NA,42,9.3,18,NA,7,147.7,5.1
846,1977,6,9.2,12.1,16,18,6.1,0.1,8,NA,101.4,23.5,22,NA,6.3,168.7,5
846,1977,7,11.8,14.6,20.7,20,9.3,6.5,1,NA,78.7,12.7,18,NA,7.1,119.4,4.2
846,1977,8,11,14.3,18.4,13,7.5,3.4,6,NA,70.3,18.5,26,NA,6.4,173.1,4.6
846,1977,9,7.5,10.7,13.3,18,4.3,0.2,8,NA,124.5,55.8,13,NA,6.7,112.9,4.8
846,1977,10,5.5,8.1,13,14,2.8,-4,31,NA,97.8,17.1,27,NA,6.7,87.2,4.8
846,1977,11,-0.6,2,8,27,-4.3,-17.9,20,NA,63.6,11.4,23,NA,6.4,63.2,5
846,1977,12,1.9,4.5,9.8,4,-1.3,-15,19,NA,104.5,13.5,13,NA,6.9,7.5,5.5
846,1978,1,-1.7,1.1,7,14,-4.9,-13,28,NA,137.7,36.4,19,NA,6.4,33.9,5.8
846,1978,2,0.2,2.4,5.9,5,-2.4,-8.5,13,NA,18.7,9,12,NA,6.6,41.9,4.6
846,1978,3,2,4.7,9,10,-0.8,-10,4,NA,63.2,12.7,1,NA,7.1,90.9,7.1
846,1978,4,4.3,7.8,13.4,16,0.9,-10.9,9,NA,45.4,13.7,7,NA,7,150.6,5
846,1978,5,6.5,9.7,17.8,7,3.1,-2.9,4,NA,128.1,25.7,30,NA,7.3,156.5,5.9
846,1978,6,8.6,11.7,15,8,5.5,2,11,NA,57.6,15.4,26,NA,6.9,160.1,4.7
846,1978,7,11.8,15.6,19.4,5,7.9,4.8,14,NA,41.1,5.5,30,NA,6.4,194.1,3.6
846,1978,8,11.9,14.6,17.5,9,8.5,4,16,NA,64,8.6,15,NA,7.2,82.5,3.2
846,1978,9,7.9,11.6,15,4,4.5,-0.8,30,NA,91.7,25.8,24,NA,6.5,149.6,4.4
846,1978,10,4.1,6.7,11.2,1,0.7,-6.3,20,NA,137.4,26.6,27,NA,7,61.2,4.8
846,1978,11,0.3,2.9,9,7,-3.3,-12,26,NA,241.7,30,5,NA,7.2,24.4,4.8
846,1978,12,2.2,4.1,10.8,12,-0.6,-8.9,30,NA,19.6,4.7,18,NA,6.5,20.6,5.4
846,1979,1,-4.4,-1.2,4,20,-8.1,-17.9,31,NA,67.9,16.5,5,NA,5.8,53.9,5.3
846,1979,2,0.4,2.6,7.8,19,-2.9,-13.4,3,NA,138.2,46.2,24,NA,6.8,38.3,5.7
846,1979,3,-4.1,-0.7,6.8,18,-8.1,-13.9,9,NA,48.8,17.8,8,NA,5.4,191.4,4.8
846,1979,4,2.9,6.2,10.5,26,-0.8,-9,1,NA,38.7,8.7,27,NA,6.5,183.6,5.2
846,1979,5,2.8,6.6,13.5,31,-1.2,-8,3,NA,33.3,8.2,13,NA,5.6,234.1,4.6
846,1979,6,8.8,12,15.8,3,5.8,2.6,14,NA,156.9,35.5,11,NA,6.8,116,4.2
846,1979,7,10,13.2,18,21,6.9,3.5,11,NA,72,19,13,NA,6.7,138.2,2.9
846,1979,8,10.6,14.3,19.2,6,7.2,3.6,30,NA,46.2,10.5,14,NA,6.8,167.4,3.6
846,1979,9,5.5,8.8,12.6,4,2.6,-2.6,14,NA,115.5,31.9,24,NA,6.7,118.9,4.2
846,1979,10,5,7.8,12.8,1,2.2,-3.9,29,NA,112.8,23.3,27,NA,7,86.2,4.4
846,1979,11,0.8,3,9.1,20,-1.8,-8.7,26,NA,104.3,19.4,14,NA,6.6,49.4,4.6
846,1979,12,-0.5,1.9,7.7,20,-3,-9.9,31,NA,121.7,15,15,NA,6.2,14,4.3
846,1980,1,0.1,2.3,9.5,12,-2.7,-9.4,31,NA,91,15.5,16,NA,6.2,40.4,4.8
846,1980,2,1.6,3.9,8.5,12,-1,-11.8,2,NA,130,31.5,23,NA,7,56.2,5.9
846,1980,3,0.6,3.6,8.5,29,-2.6,-8,13,NA,81.8,17.2,15,NA,4.4,138.8,3.2
846,1980,4,3.7,6.3,10.7,30,0.5,-5.5,23,NA,250.4,76.7,4,NA,7,102.9,4.4
846,1980,5,7.5,11.1,16,24,4.1,-5,8,NA,46.4,13.8,7,NA,7.3,188,4.5
846,1980,6,10.6,13.9,19.2,10,6.5,2.7,6,NA,54.9,16.6,17,NA,6.2,220.6,3.7
846,1980,7,11.3,14.2,23.4,31,8.1,4,27,NA,52.5,10.3,3,NA,7.4,142.1,3.7
846,1980,8,10.8,14.3,18.2,2,7.6,2,28,NA,70.2,14.3,14,NA,6.9,160.3,2.8
846,1980,9,8.1,11.7,14.7,6,5.3,2.1,12,NA,114.6,14.7,17,NA,6.8,107,3.9
846,1980,10,2.5,5.1,10.7,1,-0.4,-7.5,19,NA,95,26.7,31,NA,6.4,99.1,4.3
846,1980,11,0.6,2.8,9.2,3,-2.7,-12.9,15,NA,91.3,48.9,30,NA,6.2,60.2,4.7
846,1980,12,-1,1.6,5.9,4,-3.7,-12.4,25,NA,160.8,19.5,23,NA,6.9,13.2,4.4
846,1981,1,-2.3,0.6,6.6,27,-5.7,-14,15,NA,139,28.8,7,NA,6.9,25.2,5.8
846,1981,2,-0.5,2,6.8,1,-3.9,-11,10,NA,143.1,14,24,NA,7,40.9,5
846,1981,3,-0.1,2.3,9.8,28,-2.7,-10.3,19,NA,42.5,12.9,17,NA,5.7,122.6,6.6
846,1981,4,4.5,7.1,14.2,18,1.4,-6.5,23,NA,114.5,16.2,16,NA,6.9,109.9,3.7
846,1981,5,7.1,10.3,17.2,17,4,-3.6,8,NA,37.7,9.5,11,NA,6.6,146.2,3.8
846,1981,6,8.7,11.9,15.3,23,5.9,2.5,7,NA,80.6,15.7,9,NA,7.1,120.7,4.7
846,1981,7,10.6,14,17.2,22,7.3,3.5,3,NA,53.9,10.4,25,NA,6.6,163.8,4.2
846,1981,8,10.9,13.7,17.7,1,7.7,4.6,19,NA,105.3,16.1,24,NA,6.9,112.2,4.7
846,1981,9,7.5,10.8,15.1,13,5,-1.8,30,NA,29.1,7.3,2,NA,6.5,125.2,4.5
846,1981,10,0.3,3.6,7.4,22,-2.8,-8.5,13,NA,46.4,17.8,24,NA,5.3,154.4,4.3
846,1981,11,0.1,2.6,11.2,7,-2.5,-11.5,24,NA,117.2,30.1,14,NA,7,28.4,4.1
846,1981,12,-2.1,0.1,8.6,2,-4.5,-12.6,22,NA,66.4,28,2,NA,4.9,31.4,6.8
846,1982,1,-0.7,1.9,6.7,12,-3.4,-11,7,NA,100.5,21.9,13,NA,6.2,19.1,3.8
846,1982,2,2.4,4.6,9.5,4,-0.1,-6.7,12,NA,151.5,20.3,20,NA,7.5,31.8,5
846,1982,3,0.6,3.2,8.2,23,-2.4,-8.8,11,NA,160.9,39.5,30,NA,6.7,98.7,5.4
846,1982,4,3.9,6.7,10.1,12,0.9,-5.9,8,NA,113.6,16.3,20,NA,7.3,85,4.8
846,1982,5,6.2,9.8,16,9,2.3,-8,1,NA,63.2,16.3,21,NA,6.7,131.9,4.4
846,1982,6,9.9,12.9,20.3,6,6.7,3.5,16,NA,47.6,14.6,3,NA,6.4,119,3
846,1982,7,11,13.4,18.3,2,8.4,6,25,NA,160.8,36.7,23,NA,7.1,73.3,3.6
846,1982,8,9.7,13.2,18.5,2,6.4,1.6,27,NA,72.1,13.1,16,NA,6.8,182,3.8
846,1982,9,5.7,9.4,11.9,25,2.6,-0.6,4,NA,96.5,17.5,13,NA,5.7,154.3,4.4
846,1982,10,4.6,7.2,12.4,12,2.2,-4.3,6,NA,88.3,17.5,25,NA,6.8,48.1,2.9
846,1982,11,-0.3,2,10,5,-3.7,-10.5,26,NA,89.7,16.8,15,NA,6.2,42.3,5.1
846,1982,12,-1.2,1.4,7.3,29,-4.5,-13.3,17,NA,118.3,14.5,31,NA,6.5,7.7,5.5
846,1983,1,-2.4,0.3,7,23,-5,-12.4,18,NA,187.8,26.5,9,NA,6.8,4.9,5.8
846,1983,2,1,3.2,9.5,25,-1.7,-11,2,NA,110.7,22.5,23,NA,6.6,21,4.6
846,1983,3,0.2,2.5,7.7,1,-2.3,-8.4,10,NA,147.5,28.5,1,NA,6.2,61,4.7
846,1983,4,0.7,3.6,10,28,-2.9,-7.9,9,NA,41.8,21.5,13,NA,6.1,156.6,4.3
846,1983,5,7.4,10.6,15,29,4.1,-0.1,7,NA,44.5,12.6,1,NA,6.6,165.5,3
846,1983,6,8.8,11.2,16.2,26,6.5,3.4,4,NA,160.4,24.5,21,NA,7.1,104.1,4.7
846,1983,7,9.2,11.9,16.5,15,6.7,1.6,18,NA,142.5,24.4,5,NA,6.9,100.5,4.3
846,1983,8,8.9,11.7,16.1,23,6.3,2,30,NA,199.5,42.3,8,NA,7.3,79.7,4.3
846,1983,9,6.6,10.2,14.2,13,4,-1.9,29,NA,89.6,68.4,25,NA,6.2,128.1,2.5
846,1983,10,3.9,6.8,12,2,1.2,-5.9,20,NA,143.9,33.4,30,NA,6.8,70.9,4.9
846,1983,11,1.6,3.5,8.6,13,-0.7,-9,29,NA,134.4,18.6,4,NA,6.8,27.1,3.8
846,1983,12,0.1,2.7,10.5,1,-2.3,-9.1,22,NA,129.3,41,7,NA,6.6,8.6,5
846,1984,1,-3.7,-1.1,6.5,28,-7,-14.5,16,NA,103.4,20.8,9,NA,6.4,17.9,5.8
846,1984,2,-0.4,1.9,6.7,25,-2.7,-8.5,5,NA,187.3,25.6,12,NA,6.7,18.9,5.7
846,1984,3,1.4,3.5,7.6,31,-2.4,-9.4,1,NA,108.9,15.6,6,NA,6.3,80.4,4.9
846,1984,4,3.7,6,14.6,26,1,-6,11,NA,172.4,57.2,2,NA,6.7,113.4,5.4
846,1984,5,6.3,9.2,14.7,27,3.3,-3,4,NA,74.5,16.5,8,NA,6.7,128,4.7
846,1984,6,10.3,13.7,21.5,6,7.1,3,22,NA,66.7,13,26,NA,6.4,187.2,3.7
846,1984,7,11.4,13.9,19.7,4,9.5,7,3,NA,111.4,16.7,19,NA,7.6,49.7,2.7
846,1984,8,10.2,13.5,17.4,23,7.6,3.4,29,NA,207.1,37.8,12,NA,6.9,118.3,3.1
846,1984,9,7.6,11.3,15.9,5,4.7,-0.1,17,NA,60.5,16.2,7,NA,5.9,138.5,4.4
846,1984,10,3.9,6.6,11.6,15,1.6,-3,27,NA,46.7,12,25,NA,6.8,95.7,3.8
846,1984,11,1.6,3.7,7.5,27,-0.7,-5.9,7,NA,81.6,34.3,27,NA,6.2,59.1,3.3
846,1984,12,0.4,2.8,8.5,11,-2.4,-8.1,24,NA,197.4,16.8,9,NA,6.8,17.6,4.7
846,1985,1,-0.2,2,8.2,4,-2.6,-10.5,25,NA,119.7,66.6,12,NA,6.7,30.5,4.5
846,1985,2,1.5,3.3,9.5,28,-1.4,-11.8,2,NA,100.6,16.8,20,NA,6.9,42.7,4.3
846,1985,3,-0.2,3.1,9.5,1,-2.7,-12.3,28,NA,63.6,10.6,1,NA,6.7,142.9,4.6
846,1985,4,3.9,7.6,11,23,1.1,-6,1,NA,61.5,14.4,17,NA,7,136.9,3.9
846,1985,5,7.1,11.2,17,14,3.6,-0.8,30,NA,22.5,10.5,11,NA,6.3,211.8,3.9
846,1985,6,9.6,12.6,15.6,16,6.3,2.4,13,NA,49.5,18,2,NA,6.6,145.5,3.3
846,1985,8,10.6,14.4,20,13,7.6,1.5,27,NA,28.3,10.5,4,NA,6.9,164.4,3.1
846,1985,9,6.8,10.4,13.5,9,4,0,7,NA,78,9,17,NA,6.5,152.2,2.7
846,1985,10,6.5,8.9,13.3,2,4,-2,9,NA,219.6,57.5,15,NA,7.3,56,4
846,1985,11,0.1,2.4,7.7,21,-2.4,-9,9,NA,99.9,26.5,13,NA,6.9,26,4.3
846,1985,12,-1,1,5.6,17,-3.5,-11,26,NA,22.2,4.7,10,NA,5.7,30.8,4.1
846,1986,1,-0.2,2.1,5.7,5,-2.9,-8.9,24,NA,121.2,23,31,NA,6.8,23,4.9
846,1986,2,1.6,4,8,12,-0.4,-7.4,27,NA,77.5,21.5,2,NA,6.1,56.9,4.2
846,1986,3,0.7,2.9,8.6,12,-2.2,-9.5,27,NA,180.6,45.2,18,NA,7.1,45.8,4.4
846,1986,4,3.3,6.2,11.5,29,0.7,-8.3,2,NA,78.3,15.3,25,NA,7,130.9,4.1
846,1986,5,6.2,10,14,21,2.4,-2.6,14,NA,33.6,11,29,NA,6.6,193,3.3
846,1986,6,8.7,11.8,18.2,30,6.7,3,4,NA,90.6,15.3,14,NA,7.5,113.6,3.2
846,1986,7,11,14.4,17.5,1,7.8,3.5,6,NA,67.3,14.7,15,NA,6.3,198.2,3
846,1986,8,10,13.6,17.6,15,7.2,3,20,NA,148.4,39,11,NA,6.6,190.4,2.6
846,1986,9,7,11,15.5,2,4.2,-0.5,5,NA,55.8,18.5,19,NA,6.1,156.8,3.3
846,1986,10,2.3,5.5,14,8,-0.4,-7.2,22,NA,151.1,20.7,11,NA,6.5,94.2,4
846,1986,11,0.7,3.2,7.8,14,-2.1,-7.5,20,NA,107.5,24,7,NA,6.5,38.8,4.8
846,1986,12,-0.4,2.1,7.5,23,-3.2,-11.9,2,NA,153.2,22.1,24,NA,6.8,10.2,5.6
846,1987,1,2.8,4.5,7.3,23,1.1,-4.8,5,NA,68.4,16.5,9,NA,7.3,12.4,3.7
846,1987,2,1.6,4.1,9.5,27,-0.8,-9.1,14,NA,138.8,43,21,NA,6.9,33.8,3.6
846,1987,3,0.5,3.1,8.6,9,-2.2,-11,19,NA,120.1,21,3,NA,7,107.2,5.3
846,1987,4,3.4,6.2,11.3,23,0.3,-8.5,1,NA,140.8,28.1,19,NA,6.9,119.2,4.8
846,1987,5,6.7,10.4,20,25,3.5,-4.6,1,NA,74.8,15.7,1,NA,6.8,207.2,3.7
846,1987,6,10.2,13.8,18.2,15,6.8,3,27,NA,29.3,6.9,10,NA,6.6,175.6,2.4
846,1987,7,11.4,14.9,18.9,11,8.8,4,8,NA,76.8,24.5,21,NA,7.4,127,3.1
846,1987,8,11,14.7,22,7,7.8,5.6,16,NA,80.7,13.1,27,NA,6.1,213.2,2.4
846,1987,9,7.8,11,15.3,4,5.4,-0.4,18,NA,80.4,14.3,30,NA,7,101.6,4.7
846,1987,10,2.7,5.7,10,16,0.2,-5.9,8,NA,111.4,46.5,4,NA,6.5,111.5,4.2
846,1987,11,4.3,6.6,10,6,1.6,-5.1,22,NA,109.4,20.5,29,NA,6.2,27.9,3.6
846,1987,12,4.5,6.3,8.4,20,2.6,-6.9,26,NA,99.4,14.3,3,NA,7.3,2.1,4.1
846,1988,1,-2.5,0.1,7.3,16,-5.5,-12.5,22,NA,52.4,14.5,8,NA,5.2,37.8,6.3
846,1988,2,-1.2,1.3,6.6,27,-3.9,-11,6,NA,102.3,29.1,26,NA,6.4,79.8,6
846,1988,3,0.5,3.5,10,22,-2,-9.5,13,NA,89.9,27.9,2,NA,7,85.5,4.6
846,1988,4,1.6,5.3,13,28,-2,-11.5,17,NA,30.8,8.9,4,NA,6,172.7,4.9
846,1988,5,7.9,11.5,21.5,15,4.3,0,5,NA,116.8,25,9,NA,6.5,186.2,5.7
846,1988,6,8.4,11,14.7,10,6.3,2.5,21,NA,130.9,35.6,18,NA,7.6,70.6,6
846,1988,7,11.7,15.6,21.5,4,8.6,6.5,28,NA,72.3,22.6,16,NA,6.9,205.9,3.7
846,1988,8,11.1,14.4,18,20,8.7,5.2,25,NA,80.3,18.8,6,NA,7,137,4.2
846,1988,9,7.3,10.5,15,6,4.6,-3.2,29,NA,92.5,17.8,15,NA,6.4,113.4,4
846,1988,10,4.6,7.4,13.4,20,2.1,-7.2,28,NA,111.8,40.7,18,NA,7,80.7,4.9
846,1988,11,3.6,5.4,10,10,1.2,-3.4,16,NA,125.2,24,14,NA,6.6,26.1,2.9
846,1988,12,1.1,3.9,9.5,31,-1.8,-11.5,24,NA,173.3,26,7,NA,7,10.2,5.6
846,1989,1,0.6,3.5,9.5,3,-2.7,-13,22,NA,228.4,35.5,31,NA,7.3,4.1,6.4
846,1989,2,-2.8,0.7,5.7,1,-5.7,-12.5,16,NA,144.3,16.5,2,NA,7.1,60.2,6.5
846,1989,3,-0.6,2.2,7.5,31,-3.4,-13,16,NA,103.4,16.5,8,NA,6.9,105.5,4.7
846,1989,4,2.3,5.5,12.1,30,-0.7,-6.5,26,NA,113.6,23.3,5,NA,6.7,160.2,3.7
846,1989,5,5.5,8.6,11.5,30,2.4,-0.6,17,NA,186.4,45.1,6,NA,6.8,177.6,5.7
846,1989,6,9.2,12.3,16.5,12,6,2.5,5,NA,49.2,14.5,21,NA,6.9,154.7,4.2
846,1989,7,10,12.9,16,31,7.5,3.5,6,NA,143.1,28.3,26,NA,7.3,106.9,4
846,1989,8,10.3,13.7,17.5,20,7.1,4.1,31,NA,50.8,11.7,30,NA,6.9,168.5,4.5
846,1989,9,7.3,10,13,2,4.7,0.2,25,NA,203.4,34.7,26,NA,7.2,98.9,4.8
846,1989,10,5.2,7.6,11.5,4,3,-4.5,28,NA,77.9,14.5,31,NA,7.2,57.7,4
846,1989,11,2.3,4.5,10,15,-0.3,-4.5,5,NA,65.6,18.7,30,NA,6.2,59.8,4
846,1989,12,0.3,2.6,9.3,1,-2,-12.9,20,NA,122.8,38,2,NA,5.9,17.6,4.8
846,1990,1,0.7,3.2,7.7,1,-1.6,-7.8,20,NA,111.2,14.5,9,NA,6.8,21.5,5.4
846,1990,2,-1.6,0.7,4.5,1,-3.9,-12.9,28,NA,70.8,11.5,6,NA,7.3,49.7,4.2
846,1990,3,-1,1.6,6.7,14,-4.2,-15.4,1,NA,137.1,27,3,NA,7.3,89.2,5.9
846,1990,4,0.6,3.6,8.8,20,-2.5,-11.5,3,NA,96.1,11.5,21,NA,7.2,139.8,4.7
846,1990,5,8,10.8,16,27,4.6,0.6,4,NA,96.4,31.5,1,NA,6.8,137.3,3.7
846,1990,6,10.5,13.8,18.7,23,7,4,28,NA,38.3,6,3,NA,7,152.7,4.2
846,1990,7,12.1,15.6,21.4,14,8.8,4,2,NA,74.6,9.5,31,NA,6.6,169.4,4.9
846,1990,8,11.1,14.4,19.6,12,8.6,6,25,NA,129.9,46.9,2,NA,7.3,120.3,3.3
846,1990,9,6.8,9.4,14.2,4,4.1,-2,20,NA,188.1,33.2,10,NA,7.1,95.7,4.9
846,1990,10,5.3,7.9,11.9,25,2.9,-3.5,10,NA,83.9,18.3,8,NA,6.8,78.4,4.7
846,1990,11,3.5,5.5,11.1,13,1.4,-6.2,21,NA,63.3,12,6,NA,6.6,37.8,3.7
846,1990,12,-0.6,2.5,9,14,-3.4,-11.5,7,NA,161.5,15.4,5,NA,7,11.7,5.5
846,1991,1,1.1,3.4,8,27,-1.8,-10,19,NA,192.2,24.4,28,NA,7.1,23.9,5.7
846,1991,2,2.2,4.7,8.8,3,-0.5,-6.2,28,NA,128.9,13.3,1,NA,6.7,66.3,6.7
846,1991,3,2.3,4.9,8.8,25,-0.4,-7.3,1,NA,112.7,17.7,26,NA,6.9,101.6,4.5
846,1991,4,1.8,5.3,9.5,16,-1.4,-9.9,10,NA,74.3,12.2,22,NA,6.6,145,4.4
846,1991,5,7.1,9.8,17.3,30,4.7,0.9,13,NA,152.6,15.4,28,NA,7.4,112.4,4
846,1991,6,10.8,14.7,20,21,6.1,3,9,NA,15.2,5.3,7,NA,5.2,284.5,2.5
846,1991,7,13.1,16.7,23.5,9,10.1,8.1,2,NA,53.8,13.5,27,NA,7,149.8,2.3
846,1991,8,11.2,14.2,20.6,1,8.1,3,29,NA,140.9,16.5,29,NA,7.2,137.4,4.1
846,1991,9,8,11.1,16.5,5,5.3,1.1,10,NA,89.4,18.5,3,NA,6.6,114.9,3.3
846,1991,10,5.1,7.4,11.5,30,2.5,-4.5,18,NA,135.8,43.5,10,NA,6.4,75.9,4.7
846,1991,11,0.3,2.9,8.3,3,-2.2,-10,17,NA,120.6,29.6,6,NA,7.1,25.4,4.6
846,1991,12,1.1,3.6,9,30,-1.4,-10,21,NA,205.9,25.5,27,NA,7,4.8,5.2
846,1992,1,2.5,5,9.7,19,-0.5,-10.5,4,NA,291.6,79.1,13,NA,6.9,2.5,5.1
846,1992,2,0.4,3.3,8.3,8,-3,-8,3,NA,191.8,32.3,19,NA,7.2,22.3,5.4
846,1992,3,0.7,3.5,7.5,8,-2.2,-14.5,14,NA,117.6,16.5,3,NA,7.2,72.9,4.4
846,1992,4,3.7,6.9,10,25,0.2,-4,19,NA,37.5,7.5,7,NA,6.6,127.4,5
846,1992,5,7,10.2,18.8,28,3.2,-3.5,9,NA,86.7,19.5,16,NA,6.5,146.2,4.2
846,1992,6,8.4,11.7,18.5,8,5.4,1,25,NA,157.7,22.8,8,NA,7.2,145.1,5.7
846,1992,7,10.8,13.8,18.5,13,7.1,3.8,10,NA,88,18.9,29,NA,6.1,185.8,3.2
846,1992,8,10.3,13.2,17,23,7.4,1.6,26,NA,62.6,8.5,15,NA,6.9,103.6,3.9
846,1992,9,7.3,10.8,13.9,1,4.2,-1,13,NA,91.6,32.2,26,NA,6.4,140.1,4.9
846,1992,10,3.9,6.7,14,3,1.6,-7,29,NA,102.7,37.7,8,NA,6.8,78.9,3.6
846,1992,11,0.4,2.3,9,8,-1.9,-7.5,12,NA,147.4,18.5,6,NA,6.8,25.2,4.2
846,1992,12,-1.2,1.6,9.5,26,-3.7,-12.5,19,NA,147.7,21.2,20,NA,6.8,3.2,6.3
846,1993,1,-2.1,0.6,6.1,31,-5.6,-15.9,24,NA,125.2,20,30,NA,7.3,9.2,5.4
846,1993,2,0.6,3.2,7.5,11,-2.2,-11,26,NA,223.7,32.3,16,NA,7.4,21.9,5.4
846,1993,3,1.5,4.2,9.3,11,-0.9,-10.5,22,NA,179.6,25.6,16,NA,7.6,59.8,5.7
846,1993,4,4.2,7.2,11.3,9,1,-3,16,NA,66.2,12.7,26,NA,6.9,144.7,5.1
846,1993,5,6.3,9.4,17.3,26,2.6,-3,3,NA,113.2,35.6,8,NA,6.5,187.8,6
846,1993,6,9.5,12.5,17,8,6,1,1,NA,73.8,24.4,26,NA,7,126.2,4.4
846,1993,7,11.5,14.9,20,19,7,3.5,10,NA,40.9,18.3,6,NA,6.1,247.7,4
846,1993,8,10.4,13.7,19.5,1,7.3,3,14,NA,80.2,13.7,6,NA,6.3,181.3,4.1
846,1993,9,9.4,12.2,15.7,21,7,3.1,17,NA,101.1,32.7,27,NA,7,87.9,3.3
846,1993,10,4.4,7.4,12.8,1,1.6,-7.2,15,NA,84.2,24.3,26,NA,6.5,97.5,4.5
846,1993,11,3.7,6.4,10,3,1.4,-4.6,12,NA,245.1,24.5,27,NA,7.5,13.2,6.9
846,1993,12,-1.6,0.9,6,29,-4.3,-12.5,19,NA,60.4,10.5,1,NA,6.7,15.6,4.8
846,1994,1,-1.6,1.3,7.5,11,-4.2,-13.2,28,NA,92.8,22,22,NA,7.1,18,7.5
846,1994,2,1.1,3.7,7.7,19,-1.2,-8,26,NA,159.9,33.5,12,NA,7.1,64.2,6.4
846,1994,3,-1.2,1.6,9.5,27,-4.2,-12.3,18,NA,126.2,21,22,NA,7,107.6,4.9
846,1994,4,2.3,5.5,11.5,30,-1.5,-6,20,NA,36,15.6,14,NA,5.7,215.9,4.6
846,1994,5,8.2,11.1,14.5,13,4.2,1,6,NA,85.7,32.9,30,NA,6.5,150.2,4.1
846,1994,6,8.8,11.6,16,28,5,1,5,NA,127.9,31.5,11,NA,6.4,174.2,4
846,1994,7,12.6,15.5,21.5,6,9.6,7.1,22,NA,97.5,20.4,22,NA,7.5,110,3.5
846,1994,8,11.2,14.4,19.3,5,8.5,3.9,12,NA,33.9,9.7,26,NA,6.6,165.7,2.4
846,1994,9,6.9,10.4,15.2,9,4.2,-2.9,30,NA,66.4,17.2,25,NA,6.1,117.2,3.1
846,1994,10,4,6.7,11.9,6,1.4,-3.4,1,NA,101.5,19.6,12,NA,6.1,65.6,2.4
846,1994,11,2.5,5.2,10.7,8,-0.3,-5.4,16,NA,118.3,21.6,29,NA,5.6,57.3,4.5
846,1994,12,-1.2,1.7,10.5,2,-4.1,-11.3,31,NA,145.6,31.4,22,NA,5.6,21.4,6.5
846,1995,1,-1.6,1.3,6.8,3,-4.4,-11.3,17,NA,93.4,21.8,4,NA,4.7,28.7,4.7
846,1995,2,-2,0.9,4.5,2,-4.8,-12,8,NA,53.8,14.4,28,NA,4.5,85.5,3.4
846,1995,3,-2.4,0.9,7.5,30,-5.4,-9.8,19,NA,83.6,22.2,22,NA,4.5,156.5,6.2
846,1995,4,1.4,4.8,10.4,24,-1.3,-7.5,4,NA,57.8,9.4,11,NA,5.5,146.7,3.2
846,1995,5,7.4,11.7,18,30,3.8,-2.1,12,NA,45.8,12,28,NA,5.4,208,1.6
846,1995,6,9,12.8,18.4,29,6.6,2,4,NA,77.4,22.5,22,NA,6.6,112,2.7
846,1995,7,10.6,14.9,22.3,3,7.8,4.2,22,NA,31.6,5.3,11,NA,5.8,163.8,3.5
846,1995,8,10.5,13.4,18.3,7,8.4,4.9,24,NA,135,22.8,4,NA,6.8,89.9,3.2
846,1995,9,7.3,10.8,14.8,9,4.8,-3.3,27,NA,87.8,18.7,10,NA,6,84,3.1
846,1995,10,3.6,6.6,11.5,4,1.1,-3.5,23,NA,66.3,17.1,21,NA,4.8,98.5,2.8
846,1995,11,1.6,4,11.8,6,-0.8,-7,24,NA,48,17.6,1,NA,4.5,68.8,2.6
846,1995,12,-0.3,2.5,11.2,2,-2.7,-13.5,24,NA,144.6,29,5,NA,5.4,24,3.3
846,1996,1,2.4,4.6,8.2,6,-0.1,-5.5,21,NA,84.5,12,18,NA,5.9,34.9,3.2
846,1996,2,-0.5,2.4,7.3,15,-3.2,-11.4,27,NA,160.8,42.1,14,NA,5.4,65.7,3.6
846,1996,3,2.1,5.4,8.4,17,-0.3,-8.7,24,NA,143.8,37.7,10,NA,5.6,90,2.6
846,1996,4,5.1,9.4,13.7,8,2.3,-2.8,4,NA,51.5,9.5,4,NA,5.7,150.6,2.4
846,1996,5,7,10.5,15.5,13,3.8,-3.6,7,NA,90.1,22.1,26,NA,5.9,130.1,2.2
846,1996,6,10.5,13.9,21.2,19,7.5,3.7,2,NA,75.8,22.2,16,NA,6,155.8,2.4
846,1996,7,NA,NA,NA,NA,NA,NA,NA,NA,96.6,13.2,13,NA,NA,176.1,NA
846,1996,8,NA,NA,NA,NA,NA,NA,NA,NA,84,16.6,6,NA,NA,157.8,NA
846,1996,9,NA,NA,NA,NA,NA,NA,NA,NA,135.5,19.8,22,NA,NA,67.5,NA
846,1996,10,NA,NA,NA,NA,NA,NA,NA,NA,111.1,15.5,29,NA,NA,77.3,NA
846,1996,11,NA,NA,NA,NA,NA,NA,NA,NA,67.5,18.6,14,NA,NA,87.3,NA
846,1996,12,NA,NA,NA,NA,NA,NA,NA,NA,50.1,11.4,3,NA,NA,15.5,NA
846,1997,1,NA,NA,NA,NA,NA,NA,NA,NA,109.9,15.6,21,NA,NA,16.3,NA
846,1997,2,NA,NA,NA,NA,NA,NA,NA,NA,123.3,14.1,10,NA,NA,55.4,NA
846,1997,3,NA,NA,NA,NA,NA,NA,NA,NA,160.3,25.5,29,NA,NA,49.4,NA
846,1997,4,NA,NA,NA,NA,NA,NA,NA,NA,103.1,20.6,8,NA,NA,85.6,NA
846,1997,5,NA,NA,NA,NA,NA,NA,NA,NA,15.2,6.6,25,NA,NA,200.4,NA
846,1997,6,NA,NA,NA,NA,NA,NA,NA,NA,13.7,4.2,22,NA,NA,256.6,NA
846,1997,7,NA,NA,NA,NA,NA,NA,NA,NA,63.8,9.9,6,NA,NA,110.5,NA
846,1997,8,NA,NA,NA,NA,NA,NA,NA,NA,121.9,18.4,6,NA,NA,104.5,NA
846,1997,9,NA,NA,NA,NA,NA,NA,NA,NA,82.2,17.6,24,NA,NA,114.6,NA
846,1997,10,NA,NA,NA,NA,NA,NA,NA,NA,111.9,28.5,29,NA,NA,41.7,NA
846,1997,11,NA,NA,NA,NA,NA,NA,NA,NA,48.9,7,16,NA,NA,27.6,NA
846,1997,12,NA,NA,NA,NA,NA,NA,NA,NA,82.3,18.9,30,NA,NA,11.3,NA
846,1998,1,NA,NA,NA,NA,NA,NA,NA,NA,44.8,8.1,21,NA,NA,33.9,NA
846,1998,2,NA,NA,NA,NA,NA,NA,NA,NA,130.6,17.9,17,NA,NA,54.7,NA
846,1998,3,NA,NA,NA,NA,NA,NA,NA,NA,97.6,20.8,15,NA,NA,118.1,NA
846,1998,4,NA,NA,NA,NA,NA,NA,NA,NA,29.8,9.5,15,NA,NA,175.5,NA
846,1998,5,NA,NA,NA,NA,NA,NA,NA,NA,71.8,27,12,NA,NA,207.6,NA
846,1998,6,NA,NA,NA,NA,NA,NA,NA,NA,70.7,22.4,9,NA,NA,184.6,NA
846,1998,7,NA,NA,NA,NA,NA,NA,NA,NA,51,15.7,4,NA,NA,160.1,NA
846,1998,8,NA,NA,NA,NA,NA,NA,NA,NA,106.2,28.6,29,NA,NA,108.9,NA
846,1998,9,NA,NA,NA,NA,NA,NA,NA,NA,52,20.5,19,NA,NA,129.6,NA
846,1998,10,NA,NA,NA,NA,NA,NA,NA,NA,101.6,22.4,9,NA,NA,122.3,NA
846,1998,11,NA,NA,NA,NA,NA,NA,NA,NA,109.3,25.4,24,NA,NA,49.8,NA
846,1998,12,NA,NA,NA,NA,NA,NA,NA,NA,129.5,19.2,7,NA,NA,4,NA
846,1999,1,NA,NA,NA,NA,NA,NA,NA,NA,51.7,10.3,10,NA,NA,19.7,NA
846,1999,2,NA,NA,NA,NA,NA,NA,NA,NA,107.9,20.4,26,NA,NA,62.2,NA
846,1999,3,NA,NA,NA,NA,NA,NA,NA,NA,32.9,10.6,18,NA,NA,167.1,NA
846,1999,4,NA,NA,NA,NA,NA,NA,NA,NA,33.8,13.6,9,NA,NA,208.5,NA
846,1999,5,NA,NA,NA,NA,NA,NA,NA,NA,95.9,17.6,30,NA,NA,170.9,NA
846,1999,6,NA,NA,NA,NA,NA,NA,NA,NA,65.6,18,18,NA,NA,103.9,NA
846,1999,7,NA,NA,NA,NA,NA,NA,NA,NA,67.6,19.2,11,NA,NA,97.2,NA
846,1999,8,NA,NA,NA,NA,NA,NA,NA,NA,88,16.6,22,NA,NA,98.3,NA
846,1999,9,NA,NA,NA,NA,NA,NA,NA,NA,119.7,18.4,3,NA,NA,80.6,NA
846,1999,10,NA,NA,NA,NA,NA,NA,NA,NA,116.4,19,15,NA,NA,85.1,NA
846,1999,11,NA,NA,NA,NA,NA,NA,NA,NA,177.1,19.6,12,NA,NA,37.2,NA
846,1999,12,NA,NA,NA,NA,NA,NA,NA,NA,58.2,21.4,31,NA,NA,23.3,NA
846,2000,1,NA,NA,NA,NA,NA,NA,NA,NA,110.8,21.6,15,NA,NA,14,NA
846,2000,2,NA,NA,NA,NA,NA,NA,NA,NA,109,15.7,20,NA,NA,48.5,NA
846,2000,3,NA,NA,NA,NA,NA,NA,NA,NA,160.4,38.6,5,NA,NA,49.7,NA
846,2000,4,NA,NA,NA,NA,NA,NA,NA,NA,56.4,25.9,8,NA,NA,255.3,NA
846,2000,5,NA,NA,NA,NA,NA,NA,NA,NA,113.4,41.3,8,NA,NA,159,NA
846,2000,6,NA,NA,NA,NA,NA,NA,NA,NA,23.1,11,17,NA,NA,210.9,NA
846,2000,7,NA,NA,NA,NA,NA,NA,NA,NA,149.5,54,22,NA,NA,163.9,NA
846,2000,8,NA,NA,NA,NA,NA,NA,NA,NA,87.5,32.9,23,NA,NA,136.7,NA
846,2000,9,NA,NA,NA,NA,NA,NA,NA,NA,116.7,39.2,13,NA,NA,NA,NA
846,2000,10,NA,NA,NA,NA,NA,NA,NA,NA,68.4,14.7,16,NA,NA,83.6,NA
846,2000,11,NA,NA,NA,NA,NA,NA,NA,NA,8.3,4.5,15,NA,NA,79.2,NA
846,2000,12,NA,NA,NA,NA,NA,NA,NA,NA,45.4,31.3,16,NA,NA,35.2,NA
846,2001,1,NA,NA,NA,NA,NA,NA,NA,NA,86,13.9,20,NA,NA,33.4,NA
846,2001,2,NA,NA,NA,NA,NA,NA,NA,NA,122.1,27.2,3,NA,NA,83.8,NA
846,2001,3,NA,NA,NA,NA,NA,NA,NA,NA,6,3.1,17,NA,NA,122.2,NA
846,2001,4,NA,NA,NA,NA,NA,NA,NA,NA,37.7,10.1,14,NA,NA,148.8,NA
846,2001,5,NA,NA,NA,NA,NA,NA,NA,NA,110,17.1,2,NA,NA,153.1,NA
846,2001,6,NA,NA,NA,NA,NA,NA,NA,NA,38.9,15,18,NA,NA,175.7,NA
846,2001,7,NA,NA,NA,NA,NA,NA,NA,NA,120.7,23.4,8,NA,NA,127.2,NA
846,2001,8,NA,NA,NA,NA,NA,NA,NA,NA,94.9,35.3,22,NA,NA,150.2,NA
846,2001,9,NA,NA,NA,NA,NA,NA,NA,NA,138.8,44.3,17,NA,NA,82.4,NA
846,2001,10,NA,NA,NA,NA,NA,NA,NA,NA,101.7,20.3,16,NA,NA,75.3,NA
846,2001,11,NA,NA,NA,NA,NA,NA,NA,NA,156.5,26,2,NA,NA,31.3,NA
846,2001,12,NA,NA,NA,NA,NA,NA,NA,NA,75.2,15.1,21,NA,NA,12.6,NA
846,2002,1,NA,NA,NA,NA,NA,NA,NA,NA,144.2,29.5,10,NA,NA,30.7,NA
846,2002,2,NA,NA,NA,NA,NA,NA,NA,NA,54.4,14,14,NA,NA,81.7,NA
846,2002,3,NA,NA,NA,NA,NA,NA,NA,NA,104.1,20,31,NA,NA,115.1,NA
846,2002,4,NA,NA,NA,NA,NA,NA,NA,NA,131.7,26.8,13,NA,NA,122.8,NA
846,2002,5,NA,NA,NA,NA,NA,NA,NA,NA,42.9,9.2,6,NA,NA,213.3,NA
846,2002,6,NA,NA,NA,NA,NA,NA,NA,NA,22.4,8.4,1,NA,NA,118.6,NA
846,2002,7,NA,NA,NA,NA,NA,NA,NA,NA,82.7,15,27,NA,NA,135.2,NA
846,2002,8,NA,NA,NA,NA,NA,NA,NA,NA,95.1,11.8,6,NA,NA,113,NA
846,2002,9,NA,NA,NA,NA,NA,NA,NA,NA,168.2,35.8,11,NA,NA,58.8,NA
846,2002,10,NA,NA,NA,NA,NA,NA,NA,NA,57.4,10.6,12,NA,NA,123.2,NA
846,2002,11,NA,NA,NA,NA,NA,NA,NA,NA,81.3,39.4,19,NA,NA,52.8,NA
846,2002,12,NA,NA,NA,NA,NA,NA,NA,NA,131.6,21.1,16,NA,NA,5.8,NA
846,2003,1,NA,NA,NA,NA,NA,NA,NA,NA,74.4,13.5,12,NA,NA,20.2,NA
846,2003,2,NA,NA,NA,NA,NA,NA,NA,NA,201.7,31.8,18,NA,NA,29.7,NA
846,2003,3,NA,NA,NA,NA,NA,NA,NA,NA,168,27,24,NA,NA,74,NA
846,2003,4,NA,NA,NA,NA,NA,NA,NA,NA,113.8,44.4,9,NA,NA,95.8,NA
846,2003,5,NA,NA,NA,NA,NA,NA,NA,NA,39.2,14.3,8,NA,NA,238.9,NA
846,2003,6,NA,NA,NA,NA,NA,NA,NA,NA,61.6,14.3,18,NA,NA,120.2,NA
846,2003,7,NA,NA,NA,NA,NA,NA,NA,NA,125.9,28.5,2,NA,NA,126.4,NA
846,2003,8,NA,NA,NA,NA,NA,NA,NA,NA,99,23.9,10,NA,NA,149.1,NA
846,2003,9,NA,NA,NA,NA,NA,NA,NA,NA,121.2,15,2,NA,NA,73.7,NA
846,2003,10,NA,NA,NA,NA,NA,NA,NA,NA,85.6,18,16,NA,NA,97.7,NA
846,2003,11,NA,NA,NA,NA,NA,NA,NA,NA,38.3,12.6,5,NA,NA,52.5,NA
846,2003,12,NA,NA,NA,NA,NA,NA,NA,NA,NA,NA,NA,NA,NA,9.8,NA
846,2004,1,NA,NA,NA,NA,NA,NA,NA,NA,NA,NA,NA,NA,NA,45.3,NA
846,2004,2,NA,NA,NA,NA,NA,NA,NA,NA,NA,NA,NA,NA,NA,52.5,NA
846,2004,3,NA,NA,NA,NA,NA,NA,NA,NA,NA,NA,NA,NA,NA,97.7,NA
846,2004,4,NA,NA,NA,NA,NA,NA,NA,NA,NA,NA,NA,NA,NA,122,NA
846,2004,5,NA,NA,NA,NA,NA,NA,NA,NA,NA,NA,NA,NA,NA,182.4,NA
846,2004,6,NA,NA,NA,NA,NA,NA,NA,NA,NA,NA,NA,NA,NA,161.2,NA
846,2004,7,NA,NA,NA,NA,NA,NA,NA,NA,NA,NA,NA,NA,NA,182.2,NA
846,2004,8,NA,NA,NA,NA,NA,NA,NA,NA,NA,NA,NA,NA,NA,229.4,NA
846,2004,9,NA,NA,NA,NA,NA,NA,NA,NA,NA,NA,NA,NA,NA,118.8,NA
846,2004,10,NA,NA,NA,NA,NA,NA,NA,NA,NA,NA,NA,NA,NA,94.8,NA
846,2005,1,NA,NA,NA,NA,NA,NA,NA,NA,NA,NA,NA,NA,NA,26.2,NA
846,2005,2,NA,NA,NA,NA,NA,NA,NA,NA,NA,NA,NA,NA,NA,59.6,NA
846,2005,11,NA,NA,NA,NA,NA,NA,NA,NA,103.1,14.1,23,NA,NA,22.8,NA
846,2005,12,NA,NA,NA,NA,NA,NA,NA,NA,125.5,17.3,9,NA,NA,11.1,NA
846,2006,1,NA,NA,NA,NA,NA,NA,NA,NA,NA,NA,NA,NA,NA,13,NA
846,2006,2,NA,NA,NA,NA,NA,NA,NA,NA,NA,NA,NA,NA,NA,63.7,NA
846,2006,5,NA,NA,NA,NA,NA,NA,NA,NA,NA,NA,NA,NA,NA,219.2,NA
846,2006,6,NA,NA,NA,NA,NA,NA,NA,NA,85.6,10.4,15,NA,NA,NA,NA
846,2006,7,NA,NA,NA,NA,NA,NA,NA,NA,60.4,15,5,NA,NA,NA,NA
846,2006,8,NA,NA,NA,NA,NA,NA,NA,NA,35.7,7.1,13,NA,NA,177.4,NA
846,2006,9,NA,NA,NA,NA,NA,NA,NA,NA,121.8,30.2,29,NA,NA,117.4,NA
846,2006,10,NA,NA,NA,NA,NA,NA,NA,NA,74.1,19.4,5,NA,NA,94.8,NA
846,2006,11,NA,NA,NA,NA,NA,NA,NA,NA,159.3,30.8,3,NA,NA,30.9,NA
846,2006,12,NA,NA,NA,NA,NA,NA,NA,NA,159.3,43.9,20,NA,NA,10.6,NA
846,2007,1,NA,NA,NA,NA,NA,NA,NA,NA,130.5,21.9,29,NA,NA,22.1,NA
846,2007,2,NA,NA,NA,NA,NA,NA,NA,NA,60.1,39.3,3,NA,NA,85.7,NA
846,2007,3,NA,NA,NA,NA,NA,NA,NA,NA,186.9,34,26,NA,NA,70,NA
846,2007,4,NA,NA,NA,NA,NA,NA,NA,NA,76.5,12.5,14,NA,NA,119.1,NA
846,2007,5,NA,NA,NA,NA,NA,NA,NA,NA,54.8,11.1,21,NA,NA,202.4,NA
846,2007,6,NA,NA,NA,NA,NA,NA,NA,NA,21.9,7.8,3,NA,NA,139.5,NA
846,2007,7,NA,NA,NA,NA,NA,NA,NA,NA,53.5,8.9,28,NA,NA,152.9,NA
846,2007,8,NA,NA,NA,NA,NA,NA,NA,NA,105.3,32.5,22,NA,NA,193.3,NA
846,2007,9,NA,NA,NA,NA,NA,NA,NA,NA,189.8,41,13,NA,NA,64.7,NA
846,2008,1,NA,NA,NA,NA,NA,NA,NA,NA,150.7,42,1,NA,NA,16.6,NA
846,2008,2,NA,NA,NA,NA,NA,NA,NA,NA,153.1,25.8,15,NA,NA,21.1,NA
846,2008,3,NA,NA,NA,NA,NA,NA,NA,NA,61.5,24.6,5,NA,NA,102.8,NA
846,2008,4,NA,NA,NA,NA,NA,NA,NA,NA,34.1,19.2,14,NA,NA,173,NA
846,2008,5,NA,NA,NA,NA,NA,NA,NA,NA,17.5,6.5,31,NA,NA,146.3,NA
846,2008,6,NA,NA,NA,NA,NA,NA,NA,NA,69.6,33.4,11,NA,NA,236.4,NA
846,2008,7,NA,NA,NA,NA,NA,NA,NA,NA,52.8,13.7,13,NA,NA,167.6,NA
846,2008,8,NA,NA,NA,NA,NA,NA,NA,NA,89.6,18.1,27,NA,NA,88.9,NA
846,2008,9,NA,NA,NA,NA,NA,NA,NA,NA,234.1,76.5,18,NA,NA,46.3,NA
846,2008,10,NA,NA,NA,NA,NA,NA,NA,NA,68.3,29.1,11,NA,NA,86.6,NA
846,2008,11,NA,NA,NA,NA,NA,NA,NA,NA,126.8,20.8,7,NA,NA,34.3,NA
846,2008,12,NA,NA,NA,NA,NA,NA,NA,NA,196,20.1,11,NA,NA,9,NA
846,2009,1,NA,NA,NA,NA,NA,NA,NA,NA,171.4,40.9,4,NA,NA,14.7,NA
846,2009,2,NA,NA,NA,NA,NA,NA,NA,NA,89.7,21.6,22,NA,NA,NA,NA
846,2009,3,NA,NA,NA,NA,NA,NA,NA,NA,87.7,20.4,2,NA,NA,123.7,NA
846,2009,4,NA,NA,NA,NA,NA,NA,NA,NA,62.7,9.3,21,NA,NA,121.3,NA
846,2009,5,NA,NA,NA,NA,NA,NA,NA,NA,86.9,18.9,12,NA,NA,236.6,NA
846,2009,6,NA,NA,NA,NA,NA,NA,NA,NA,28.8,16.8,23,NA,NA,136.2,NA
846,2009,7,NA,NA,NA,NA,NA,NA,NA,NA,19.7,6,30,NA,NA,NA,NA
846,2009,8,NA,NA,NA,NA,NA,NA,NA,NA,66.5,16.5,27,NA,NA,159.9,NA
846,2009,9,NA,NA,NA,NA,NA,NA,NA,NA,176.9,48.5,11,NA,NA,NA,NA
846,2009,10,NA,NA,NA,NA,NA,NA,NA,NA,128,42,17,NA,NA,NA,NA
846,2009,11,NA,NA,NA,NA,NA,NA,NA,NA,30.9,9.1,9,NA,NA,NA,NA
846,2009,12,NA,NA,NA,NA,NA,NA,NA,NA,77.4,28,12,NA,NA,NA,NA
846,2010,1,NA,NA,NA,NA,NA,NA,NA,NA,127.6,18.6,22,NA,NA,37.5,NA
846,2010,2,NA,NA,NA,NA,NA,NA,NA,NA,38.4,14.2,26,NA,NA,81.1,NA
846,2010,3,NA,NA,NA,NA,NA,NA,NA,NA,108.1,29.7,7,NA,NA,95.8,NA
846,2010,4,NA,NA,NA,NA,NA,NA,NA,NA,73.4,16.1,15,NA,NA,143.2,NA
846,2010,5,NA,NA,NA,NA,NA,NA,NA,NA,54.7,18.6,12,NA,NA,192.5,NA
846,2010,6,NA,NA,NA,NA,NA,NA,NA,NA,38.4,9.5,10,NA,NA,94.8,NA
846,2010,7,NA,NA,NA,NA,NA,NA,NA,NA,60.9,24.3,10,NA,NA,167.9,NA
846,2010,8,NA,NA,NA,NA,NA,NA,NA,NA,113.7,20.2,7,NA,NA,152.4,NA
846,2010,9,NA,NA,NA,NA,NA,NA,NA,NA,92.1,18.7,14,NA,NA,54.9,NA
846,2010,10,NA,NA,NA,NA,NA,NA,NA,NA,46.7,16,17,NA,NA,70.3,NA
846,2010,11,NA,NA,NA,NA,NA,NA,NA,NA,24.6,6.3,6,NA,NA,85.2,NA
846,2010,12,NA,NA,NA,NA,NA,NA,NA,NA,75.3,36.8,10,NA,NA,31,NA
846,2011,1,NA,NA,NA,NA,NA,NA,NA,NA,98.7,24,30,NA,NA,13,NA
846,2011,2,NA,NA,NA,NA,NA,NA,NA,NA,140.7,14.8,25,NA,NA,34.3,NA
846,2011,3,NA,NA,NA,NA,NA,NA,NA,NA,148.2,29.3,2,NA,NA,63.6,NA
846,2011,4,NA,NA,NA,NA,NA,NA,NA,NA,198.6,30.1,30,NA,NA,83.2,NA
846,2011,5,NA,NA,NA,NA,NA,NA,NA,NA,27.2,6.7,2,NA,NA,171.5,NA
846,2011,6,NA,NA,NA,NA,NA,NA,NA,NA,46.4,13.3,24,NA,NA,202.5,NA
846,2011,8,NA,NA,NA,NA,NA,NA,NA,NA,43.7,9.9,1,NA,NA,161.2,NA
846,2012,1,NA,NA,NA,NA,NA,NA,NA,NA,198,35,29,NA,NA,18.5,NA
846,2012,4,NA,NA,NA,NA,NA,NA,NA,NA,72.5,32.6,8,NA,NA,128.6,NA
846,2012,6,NA,NA,NA,NA,NA,NA,NA,NA,31.6,9,30,NA,NA,252,NA
846,2013,2,NA,NA,NA,NA,NA,NA,NA,NA,116.1,29.4,26,NA,NA,34.3,NA
846,2013,6,NA,NA,NA,NA,NA,NA,NA,NA,65.3,13.1,1,NA,NA,109.5,NA
846,2014,1,NA,NA,NA,NA,NA,NA,NA,NA,83.9,31.1,11,NA,NA,21.1,NA
846,2014,2,NA,NA,NA,NA,NA,NA,NA,NA,28.4,12,20,NA,NA,77.2,NA
846,2014,3,NA,NA,NA,NA,NA,NA,NA,NA,156.3,25,27,NA,NA,63.1,NA
846,2014,4,NA,NA,NA,NA,NA,NA,NA,NA,90.6,11.7,12,NA,NA,99.3,NA
846,2014,5,NA,NA,NA,NA,NA,NA,NA,NA,38.2,10.3,25,NA,NA,158.6,NA
846,2014,6,NA,NA,NA,NA,NA,NA,NA,NA,76.9,11.8,1,NA,NA,93.6,NA
846,2014,7,NA,NA,NA,NA,NA,NA,NA,NA,163,37.5,2,NA,NA,88.2,NA
846,2014,8,NA,NA,NA,NA,NA,NA,NA,NA,39.9,12.6,31,NA,NA,184.3,NA
846,2014,9,NA,NA,NA,NA,NA,NA,NA,NA,192.4,18.7,26,NA,NA,67.2,NA
846,2014,10,NA,NA,NA,NA,NA,NA,NA,NA,103.3,29.2,5,NA,NA,95.6,NA
846,2014,11,NA,NA,NA,NA,NA,NA,NA,NA,75.5,17.1,29,NA,NA,25.4,NA
846,2014,12,NA,NA,NA,NA,NA,NA,NA,NA,160,12.7,3,NA,NA,11.7,NA
846,2015,1,NA,NA,NA,NA,NA,NA,NA,NA,148.3,17.9,9,NA,NA,27.7,NA
846,2015,2,NA,NA,NA,NA,NA,NA,NA,NA,144.8,38,15,NA,NA,24,NA
846,2015,3,NA,NA,NA,NA,NA,NA,NA,NA,140.9,13.8,29,NA,NA,102.8,NA
846,2015,4,NA,NA,NA,NA,NA,NA,NA,NA,112.8,16.5,13,NA,NA,142.9,NA
846,2015,5,NA,NA,NA,NA,NA,NA,NA,NA,63.4,11.5,17,NA,NA,243.5,NA
846,2015,6,NA,NA,NA,NA,NA,NA,NA,NA,53.6,15,13,NA,NA,138.6,NA
846,2015,7,NA,NA,NA,NA,NA,NA,NA,NA,52,18,15,NA,NA,133.1,NA
846,2015,8,NA,NA,NA,NA,NA,NA,NA,NA,52,12.1,13,NA,NA,111.8,NA
846,2015,9,NA,NA,NA,NA,NA,NA,NA,NA,93.5,15,29,NA,NA,79.8,NA
846,2015,10,NA,NA,NA,NA,NA,NA,NA,NA,251.1,64.7,6,NA,NA,52,NA
846,2015,11,NA,NA,NA,NA,NA,NA,NA,NA,101.2,12.4,7,NA,NA,33.8,NA
846,2015,12,NA,NA,NA,NA,NA,NA,NA,NA,116.5,18,30,NA,NA,13.2,NA
846,2016,1,NA,NA,NA,NA,NA,NA,NA,NA,66.5,13.4,28,NA,NA,27.7,NA
846,2016,2,NA,NA,NA,NA,NA,NA,NA,NA,51.8,14.8,16,NA,NA,51,NA
846,2016,3,NA,NA,NA,NA,NA,NA,NA,NA,87.7,19.5,11,NA,NA,69.3,NA
846,2016,4,NA,NA,NA,NA,NA,NA,NA,NA,27.3,10.3,3,NA,NA,193.2,NA
846,2016,5,NA,NA,NA,NA,NA,NA,NA,NA,39.9,20.1,26,NA,NA,161.1,NA
846,2016,6,NA,NA,NA,NA,NA,NA,NA,NA,34.7,9.6,26,NA,NA,147.9,NA
846,2016,7,NA,NA,NA,NA,NA,NA,NA,NA,57,17.1,21,NA,NA,173.2,NA
846,2016,12,NA,NA,NA,NA,NA,NA,NA,NA,224.4,23.4,1,NA,NA,4,NA
846,2017,1,NA,NA,NA,NA,NA,NA,NA,NA,173.8,20,28,NA,NA,19.2,NA
846,2017,2,NA,NA,NA,NA,NA,NA,NA,NA,159.2,25.8,26,NA,NA,39.8,NA
846,2017,3,NA,NA,NA,NA,NA,NA,NA,NA,73.2,18.2,24,NA,NA,110.5,NA
846,2017,4,NA,NA,NA,NA,NA,NA,NA,NA,161.4,30.2,30,NA,NA,121.3,NA
846,2017,5,NA,NA,NA,NA,NA,NA,NA,NA,78,21.2,30,NA,NA,155.9,NA
846,2017,6,NA,NA,NA,NA,NA,NA,NA,NA,54.4,15.5,17,NA,NA,113.8,NA
846,2017,7,NA,NA,NA,NA,NA,NA,NA,NA,69.4,21.8,19,NA,NA,157.3,NA
846,2017,8,NA,NA,NA,NA,NA,NA,NA,NA,53.8,12.1,9,NA,NA,165.6,NA
846,2017,9,NA,NA,NA,NA,NA,NA,NA,NA,101.2,19,27,NA,NA,91.9,NA
846,2017,10,NA,NA,NA,NA,NA,NA,NA,NA,41.9,8.8,4,NA,NA,83.9,NA
846,2017,11,NA,NA,NA,NA,NA,NA,NA,NA,82.5,14,6,NA,NA,73.4,NA
846,2017,12,NA,NA,NA,NA,NA,NA,NA,NA,149.8,22.2,19,NA,NA,26.9,NA
846,2018,1,NA,NA,NA,NA,NA,NA,NA,NA,108.7,21.3,8,NA,NA,53.8,NA
846,2018,2,NA,NA,NA,NA,NA,NA,NA,NA,181.3,19,4,NA,NA,21.5,NA
846,2018,3,NA,NA,NA,NA,NA,NA,NA,NA,30.3,8.1,22,NA,NA,138.7,NA
846,2018,4,NA,NA,NA,NA,NA,NA,NA,NA,37.9,5,30,NA,NA,125.5,NA
846,2018,5,NA,NA,NA,NA,NA,NA,NA,NA,126.5,23.3,27,NA,NA,142.5,NA
846,2018,6,NA,NA,NA,NA,NA,NA,NA,NA,88.2,20.3,22,NA,NA,58.2,NA
846,2018,7,NA,NA,NA,NA,NA,NA,NA,NA,55.2,13.4,14,NA,NA,82.3,NA
846,2018,8,NA,NA,NA,NA,NA,NA,NA,NA,91.8,19.5,23,NA,NA,144.9,NA
846,2018,9,NA,NA,NA,NA,NA,NA,NA,NA,115.3,20.7,25,NA,NA,151.5,NA
846,2018,10,NA,NA,NA,NA,NA,NA,NA,NA,134.3,16.7,29,NA,NA,65.7,NA
846,2018,11,NA,NA,NA,NA,NA,NA,NA,NA,54.9,18.4,18,NA,NA,28.5,NA
846,2018,12,NA,NA,NA,NA,NA,NA,NA,NA,93.8,16,19,NA,NA,15.1,NA
846,2019,1,NA,NA,NA,NA,NA,NA,NA,NA,112.5,12.9,21,NA,NA,34.2,NA
846,2019,3,NA,NA,NA,NA,NA,NA,NA,NA,123.7,27.5,26,NA,NA,84.1,NA
846,2019,4,NA,NA,NA,NA,NA,NA,NA,NA,56.6,11,1,NA,NA,115.9,NA
846,2019,5,NA,NA,NA,NA,NA,NA,NA,NA,32.8,5.6,27,NA,NA,167.4,NA
846,2019,6,NA,NA,NA,NA,NA,NA,NA,NA,36.1,18.9,28,NA,NA,266.5,NA
846,2020,1,NA,NA,NA,NA,NA,NA,NA,NA,174.7,27.3,22,NA,NA,NA,NA
846,2020,2,NA,NA,NA,NA,NA,NA,NA,NA,138.4,45,5,NA,NA,NA,NA
846,2020,3,NA,NA,NA,NA,NA,NA,NA,NA,127.3,26.7,13,NA,NA,NA,NA
846,2020,4,NA,NA,NA,NA,NA,NA,NA,NA,79.7,18.2,14,NA,NA,NA,NA
846,2020,5,NA,NA,NA,NA,NA,NA,NA,NA,61.5,10,26,NA,NA,NA,NA
846,2020,6,NA,NA,NA,NA,NA,NA,NA,NA,88.5,21.7,9,NA,NA,NA,NA
846,2020,7,NA,NA,NA,NA,NA,NA,NA,NA,36.3,9.2,16,NA,NA,NA,NA
846,2020,8,NA,NA,NA,NA,NA,NA,NA,NA,112.7,24.9,5,NA,NA,NA,NA
846,2020,9,NA,NA,NA,NA,NA,NA,NA,NA,225.8,30,27,NA,NA,NA,NA
846,2020,11,NA,NA,NA,NA,NA,NA,NA,NA,111.1,32,26,NA,NA,NA,NA
846,2020,12,NA,NA,NA,NA,NA,NA,NA,NA,80.6,36.8,25,NA,NA,NA,NA
846,2021,1,NA,NA,NA,NA,NA,NA,NA,NA,39.4,9.3,8,NA,NA,NA,NA
846,2021,2,NA,NA,NA,NA,NA,NA,NA,NA,50,18.7,27,NA,NA,NA,NA
846,2021,3,NA,NA,NA,NA,NA,NA,NA,NA,92.9,10.4,16,NA,NA,NA,NA
846,2021,4,NA,NA,NA,NA,NA,NA,NA,NA,65.7,20.6,16,NA,NA,NA,NA
846,2021,5,NA,NA,NA,NA,NA,NA,NA,NA,46.8,9.4,31,NA,NA,NA,NA
846,2021,6,NA,NA,NA,NA,NA,NA,NA,NA,76.4,21.3,22,NA,NA,NA,NA
846,2021,7,NA,NA,NA,NA,NA,NA,NA,NA,52.4,15.1,26,NA,NA,NA,NA
846,2021,8,NA,NA,NA,NA,NA,NA,NA,NA,75,14.7,6,NA,NA,NA,NA
846,2021,9,NA,NA,NA,NA,NA,NA,NA,NA,170.2,24.1,17,NA,NA,NA,NA
846,2021,10,NA,NA,NA,NA,NA,NA,NA,NA,70.5,17.7,13,NA,NA,NA,NA
846,2021,11,NA,NA,NA,NA,NA,NA,NA,NA,150.2,22.8,9,NA,NA,NA,NA
846,2021,12,NA,NA,NA,NA,NA,NA,NA,NA,72.5,9.9,12,NA,NA,NA,NA
846,2022,1,NA,NA,NA,NA,NA,NA,NA,NA,164.1,23.1,28,NA,NA,NA,NA
846,2022,2,NA,NA,NA,NA,NA,NA,NA,NA,110.5,21.6,22,NA,NA,NA,NA
846,2022,3,NA,NA,NA,NA,NA,NA,NA,NA,221.3,41.3,20,NA,NA,NA,NA
846,2022,4,NA,NA,NA,NA,NA,NA,NA,NA,73.3,28,17,NA,NA,NA,NA
846,2022,5,NA,NA,NA,NA,NA,NA,NA,NA,44.6,7.9,25,NA,NA,NA,NA
846,2022,6,NA,NA,NA,NA,NA,NA,NA,NA,81.5,13.5,20,NA,NA,NA,NA
846,2022,7,NA,NA,NA,NA,NA,NA,NA,NA,116.1,25.9,28,NA,NA,NA,NA
846,2022,8,NA,NA,NA,NA,NA,NA,NA,NA,109.7,38,9,NA,NA,NA,NA
846,2022,9,NA,NA,NA,NA,NA,NA,NA,NA,90.4,21.8,1,NA,NA,NA,NA
846,2022,10,NA,NA,NA,NA,NA,NA,NA,NA,47.2,7.7,12,NA,NA,NA,NA
846,2022,11,NA,NA,NA,NA,NA,NA,NA,NA,84.6,19.6,18,NA,NA,NA,NA
846,2022,12,NA,NA,NA,NA,NA,NA,NA,NA,48.5,14.9,1,NA,NA,NA,NA
846,2023,1,NA,NA,NA,NA,NA,NA,NA,NA,118.1,29.3,21,NA,NA,NA,NA
846,2023,3,NA,NA,NA,NA,NA,NA,NA,NA,16.5,8.1,31,NA,NA,NA,NA
846,2023,4,NA,NA,NA,NA,NA,NA,NA,NA,113.7,20.1,28,NA,NA,NA,NA
846,2023,5,NA,NA,NA,NA,NA,NA,NA,NA,164.6,27.7,29,NA,NA,NA,NA
846,2023,6,NA,NA,NA,NA,NA,NA,NA,NA,76.3,25.3,26,NA,NA,NA,NA
846,2023,7,NA,NA,NA,NA,NA,NA,NA,NA,21.1,20.5,2,NA,NA,NA,NA
846,2023,8,NA,NA,NA,NA,NA,NA,NA,NA,71.6,20,27,NA,NA,NA,NA
846,2023,9,NA,NA,NA,NA,NA,NA,NA,NA,149.8,31.7,7,NA,NA,NA,NA
846,2023,10,NA,NA,NA,NA,NA,NA,NA,NA,111.4,35.1,10,NA,NA,NA,NA
846,2023,11,NA,NA,NA,NA,NA,NA,NA,NA,83.2,45.5,21,NA,NA,NA,NA